model,experiment,simulator,feature_count,qubit_count,training_size_requested,training_recordings,training_snr,evaluation_snr,evaluation_split,training_sample_manifest_hash,validation_sample_manifest_hash,test_sample_manifest_hash,validation_accuracy,validation_precision,validation_recall,validation_f1,validation_roc_auc,validation_balanced_accuracy,validation_drone_recall,validation_non_drone_recall,accuracy,precision,recall,f1,roc_auc,balanced_accuracy,drone_recall,non_drone_recall,confusion_matrix,feature_map,feature_map_reps,circuit_depth,two_qubit_gate_count,estimated_quantum_evaluations,kernel_evaluations_computed_this_run,kernel_construction_seconds,kernel_matrix_wall_seconds,training_seconds,prediction_seconds,validation_prediction_seconds,kernel_cache_hits,model_path,optimizer_evaluations,optimizer_loss,trainable_parameters,trainable_kernel_training_seconds,training_unique_sample_ids,train_kernel_cache,validation_kernel_cache,test_kernel_cache
rbf_svm,matched_sample_clean_model_robustness,classical_cpu,4,0,24,24,clean,clean,test,6d930e716ad04b90cfec0976b6b155bd0105aefdd2cacd2f769d0fb1cfff78f2,2973665665e08fe9c86d7ac59912610933130a1432d9ff533a90a6d2aae893ec,122fca9c88c1665437c95b09c1dd5c91b36a1c407a12253311ff02d6d842e4f0,0.575,0.25,0.7142857142857143,0.3703703703703703,0.6948051948051948,0.6298701298701299,0.7142857142857143,0.5454545454545454,0.6836734693877551,0.3333333333333333,0.9375,0.4918032786885246,0.8361280487804879,0.7858231707317074,0.9375,0.6341463414634146,"[[52, 30], [1, 15]]",none,0,0,0,0,0,0.0,0.0,0.000981250021141,0.0040952500130515,0.0,{},/Users/srikarreddy/Documents/hackathon/hackathon3/QSky-Mizzou-Quantum-Hackathon/models/quantum_ideal/rbf_svm_q4_n24_clean_aggregated_seed42.joblib,0.0,,[],0.0,,,,
rbf_svm,matched_sample_clean_model_robustness,classical_cpu,4,0,24,24,clean,20,test,6d930e716ad04b90cfec0976b6b155bd0105aefdd2cacd2f769d0fb1cfff78f2,2973665665e08fe9c86d7ac59912610933130a1432d9ff533a90a6d2aae893ec,122fca9c88c1665437c95b09c1dd5c91b36a1c407a12253311ff02d6d842e4f0,0.575,0.25,0.7142857142857143,0.3703703703703703,0.6948051948051948,0.6298701298701299,0.7142857142857143,0.5454545454545454,0.7040816326530612,0.3414634146341463,0.875,0.4912280701754385,0.8117378048780488,0.7728658536585367,0.875,0.6707317073170732,"[[55, 27], [2, 14]]",none,0,0,0,0,0,0.0,0.0,0.000981250021141,0.0040226249839179,0.0,{},/Users/srikarreddy/Documents/hackathon/hackathon3/QSky-Mizzou-Quantum-Hackathon/models/quantum_ideal/rbf_svm_q4_n24_clean_aggregated_seed42.joblib,0.0,,[],0.0,,,,
rbf_svm,matched_sample_clean_model_robustness,classical_cpu,4,0,24,24,clean,10,test,6d930e716ad04b90cfec0976b6b155bd0105aefdd2cacd2f769d0fb1cfff78f2,2973665665e08fe9c86d7ac59912610933130a1432d9ff533a90a6d2aae893ec,122fca9c88c1665437c95b09c1dd5c91b36a1c407a12253311ff02d6d842e4f0,0.575,0.25,0.7142857142857143,0.3703703703703703,0.6948051948051948,0.6298701298701299,0.7142857142857143,0.5454545454545454,0.7244897959183674,0.358974358974359,0.875,0.509090909090909,0.8025914634146342,0.7850609756097561,0.875,0.6951219512195121,"[[57, 25], [2, 14]]",none,0,0,0,0,0,0.0,0.0,0.000981250021141,0.0039611669781152,0.0,{},/Users/srikarreddy/Documents/hackathon/hackathon3/QSky-Mizzou-Quantum-Hackathon/models/quantum_ideal/rbf_svm_q4_n24_clean_aggregated_seed42.joblib,0.0,,[],0.0,,,,
rbf_svm,matched_sample_clean_model_robustness,classical_cpu,4,0,24,24,clean,5,test,6d930e716ad04b90cfec0976b6b155bd0105aefdd2cacd2f769d0fb1cfff78f2,2973665665e08fe9c86d7ac59912610933130a1432d9ff533a90a6d2aae893ec,122fca9c88c1665437c95b09c1dd5c91b36a1c407a12253311ff02d6d842e4f0,0.575,0.25,0.7142857142857143,0.3703703703703703,0.6948051948051948,0.6298701298701299,0.7142857142857143,0.5454545454545454,0.7244897959183674,0.3513513513513513,0.8125,0.490566037735849,0.7957317073170732,0.7599085365853658,0.8125,0.7073170731707317,"[[58, 24], [3, 13]]",none,0,0,0,0,0,0.0,0.0,0.000981250021141,0.003975833998993,0.0,{},/Users/srikarreddy/Documents/hackathon/hackathon3/QSky-Mizzou-Quantum-Hackathon/models/quantum_ideal/rbf_svm_q4_n24_clean_aggregated_seed42.joblib,0.0,,[],0.0,,,,
rbf_svm,matched_sample_clean_model_robustness,classical_cpu,4,0,24,24,clean,0,test,6d930e716ad04b90cfec0976b6b155bd0105aefdd2cacd2f769d0fb1cfff78f2,2973665665e08fe9c86d7ac59912610933130a1432d9ff533a90a6d2aae893ec,122fca9c88c1665437c95b09c1dd5c91b36a1c407a12253311ff02d6d842e4f0,0.575,0.25,0.7142857142857143,0.3703703703703703,0.6948051948051948,0.6298701298701299,0.7142857142857143,0.5454545454545454,0.7244897959183674,0.3428571428571428,0.75,0.4705882352941176,0.7820121951219512,0.7347560975609756,0.75,0.7195121951219512,"[[59, 23], [4, 12]]",none,0,0,0,0,0,0.0,0.0,0.000981250021141,0.0040438750002067,0.0,{},/Users/srikarreddy/Documents/hackathon/hackathon3/QSky-Mizzou-Quantum-Hackathon/models/quantum_ideal/rbf_svm_q4_n24_clean_aggregated_seed42.joblib,0.0,,[],0.0,,,,
small_mlp,matched_sample_clean_model_robustness,classical_cpu,4,0,24,24,clean,clean,test,6d930e716ad04b90cfec0976b6b155bd0105aefdd2cacd2f769d0fb1cfff78f2,2973665665e08fe9c86d7ac59912610933130a1432d9ff533a90a6d2aae893ec,122fca9c88c1665437c95b09c1dd5c91b36a1c407a12253311ff02d6d842e4f0,0.825,0.0,0.0,0.0,0.3019480519480519,0.5,0.0,1.0,0.8367346938775511,0.0,0.0,0.0,0.3201219512195122,0.5,0.0,1.0,"[[82, 0], [16, 0]]",none,0,0,0,0,0,0.0,0.0,0.0748077089956495,0.0038102089893072,0.0,{},/Users/srikarreddy/Documents/hackathon/hackathon3/QSky-Mizzou-Quantum-Hackathon/models/quantum_ideal/small_mlp_q4_n24_clean_aggregated_seed42.joblib,0.0,,[],0.0,,,,
small_mlp,matched_sample_clean_model_robustness,classical_cpu,4,0,24,24,clean,20,test,6d930e716ad04b90cfec0976b6b155bd0105aefdd2cacd2f769d0fb1cfff78f2,2973665665e08fe9c86d7ac59912610933130a1432d9ff533a90a6d2aae893ec,122fca9c88c1665437c95b09c1dd5c91b36a1c407a12253311ff02d6d842e4f0,0.825,0.0,0.0,0.0,0.3019480519480519,0.5,0.0,1.0,0.8367346938775511,0.0,0.0,0.0,0.3460365853658537,0.5,0.0,1.0,"[[82, 0], [16, 0]]",none,0,0,0,0,0,0.0,0.0,0.0748077089956495,0.0039015420188661,0.0,{},/Users/srikarreddy/Documents/hackathon/hackathon3/QSky-Mizzou-Quantum-Hackathon/models/quantum_ideal/small_mlp_q4_n24_clean_aggregated_seed42.joblib,0.0,,[],0.0,,,,
small_mlp,matched_sample_clean_model_robustness,classical_cpu,4,0,24,24,clean,10,test,6d930e716ad04b90cfec0976b6b155bd0105aefdd2cacd2f769d0fb1cfff78f2,2973665665e08fe9c86d7ac59912610933130a1432d9ff533a90a6d2aae893ec,122fca9c88c1665437c95b09c1dd5c91b36a1c407a12253311ff02d6d842e4f0,0.825,0.0,0.0,0.0,0.3019480519480519,0.5,0.0,1.0,0.8367346938775511,0.0,0.0,0.0,0.3689024390243902,0.5,0.0,1.0,"[[82, 0], [16, 0]]",none,0,0,0,0,0,0.0,0.0,0.0748077089956495,0.0037634169857483,0.0,{},/Users/srikarreddy/Documents/hackathon/hackathon3/QSky-Mizzou-Quantum-Hackathon/models/quantum_ideal/small_mlp_q4_n24_clean_aggregated_seed42.joblib,0.0,,[],0.0,,,,
small_mlp,matched_sample_clean_model_robustness,classical_cpu,4,0,24,24,clean,5,test,6d930e716ad04b90cfec0976b6b155bd0105aefdd2cacd2f769d0fb1cfff78f2,2973665665e08fe9c86d7ac59912610933130a1432d9ff533a90a6d2aae893ec,122fca9c88c1665437c95b09c1dd5c91b36a1c407a12253311ff02d6d842e4f0,0.825,0.0,0.0,0.0,0.3019480519480519,0.5,0.0,1.0,0.8367346938775511,0.0,0.0,0.0,0.3780487804878049,0.5,0.0,1.0,"[[82, 0], [16, 0]]",none,0,0,0,0,0,0.0,0.0,0.0748077089956495,0.0037269160093273,0.0,{},/Users/srikarreddy/Documents/hackathon/hackathon3/QSky-Mizzou-Quantum-Hackathon/models/quantum_ideal/small_mlp_q4_n24_clean_aggregated_seed42.joblib,0.0,,[],0.0,,,,
small_mlp,matched_sample_clean_model_robustness,classical_cpu,4,0,24,24,clean,0,test,6d930e716ad04b90cfec0976b6b155bd0105aefdd2cacd2f769d0fb1cfff78f2,2973665665e08fe9c86d7ac59912610933130a1432d9ff533a90a6d2aae893ec,122fca9c88c1665437c95b09c1dd5c91b36a1c407a12253311ff02d6d842e4f0,0.825,0.0,0.0,0.0,0.3019480519480519,0.5,0.0,1.0,0.8367346938775511,0.0,0.0,0.0,0.3894817073170731,0.5,0.0,1.0,"[[82, 0], [16, 0]]",none,0,0,0,0,0,0.0,0.0,0.0748077089956495,0.0037254159979056,0.0,{},/Users/srikarreddy/Documents/hackathon/hackathon3/QSky-Mizzou-Quantum-Hackathon/models/quantum_ideal/small_mlp_q4_n24_clean_aggregated_seed42.joblib,0.0,,[],0.0,,,,
trainable_qsvc,matched_sample_clean_model_robustness,ideal_statevector_fidelity,4,4,24,24,clean,clean,test,6d930e716ad04b90cfec0976b6b155bd0105aefdd2cacd2f769d0fb1cfff78f2,2973665665e08fe9c86d7ac59912610933130a1432d9ff533a90a6d2aae893ec,122fca9c88c1665437c95b09c1dd5c91b36a1c407a12253311ff02d6d842e4f0,0.675,0.3333333333333333,0.8571428571428571,0.48,0.7705627705627706,0.7467532467532467,0.8571428571428571,0.6363636363636364,0.6428571428571429,0.2978723404255319,0.875,0.4444444444444444,0.8330792682926829,0.7362804878048781,0.875,0.5975609756097561,"[[49, 33], [2, 14]]",trainable_product_reps1_linear,1,11,6,7860,23052,28.38458579199505,5.659103291982319,0.3435581670200918,0.0041056670015677,0.0045900830009486,"{""trainable_q4_n24_snr_clean_zz_reps1_linear_seed42_test_snr_cleandB_theta_4760ddd1d8"": true, ""trainable_q4_n24_snr_clean_zz_reps1_linear_seed42_training_theta_4760ddd1d8"": false, ""trainable_q4_n24_snr_clean_zz_reps1_linear_seed42_validation_theta_4760ddd1d8"": true, ""unregistered"": false}",/Users/srikarreddy/Documents/hackathon/hackathon3/QSky-Mizzou-Quantum-Hackathon/models/quantum_ideal/trainable_qsvc_q4_n24_clean_seed42.joblib,6.0,2.2592194209244374,"[-0.30404135217687256, 1.3040413521768726, -0.30404135217687256, 1.3040413521768726]",226.9502893750032,1058.0,/Users/srikarreddy/Documents/hackathon/hackathon3/QSky-Mizzou-Quantum-Hackathon/results/quantum/kernels/trainable_q4_n24_snr_clean_zz_reps1_linear_seed42_training_theta_4760ddd1d8.npy,/Users/srikarreddy/Documents/hackathon/hackathon3/QSky-Mizzou-Quantum-Hackathon/results/quantum/kernels/trainable_q4_n24_snr_clean_zz_reps1_linear_seed42_validation_theta_4760ddd1d8.npy,/Users/srikarreddy/Documents/hackathon/hackathon3/QSky-Mizzou-Quantum-Hackathon/results/quantum/kernels/trainable_q4_n24_snr_clean_zz_reps1_linear_seed42_test_snr_cleandB_theta_4760ddd1d8.npy
fixed_qsvc,clean_model_noise_robustness,,4,4,24,24,clean,clean,test,6d930e716ad04b90cfec0976b6b155bd0105aefdd2cacd2f769d0fb1cfff78f2,2973665665e08fe9c86d7ac59912610933130a1432d9ff533a90a6d2aae893ec,122fca9c88c1665437c95b09c1dd5c91b36a1c407a12253311ff02d6d842e4f0,,,,,,,,,0.6326530612244898,0.2222222222222222,0.5,0.3076923076923077,0.5853658536585367,0.5792682926829269,0.5,0.6585365853658537,"[[54, 28], [8, 8]]",zz_reps1_linear,1,11,6,13956,9984,11.755852623988176,,,,,,/Users/srikarreddy/Documents/hackathon/hackathon3/QSky-Mizzou-Quantum-Hackathon/models/quantum_ideal/fixed_qsvc_q4_n24_clean_seed42.joblib,,,,,,,,
fixed_qsvc,clean_model_noise_robustness,,4,4,24,24,clean,20,test,6d930e716ad04b90cfec0976b6b155bd0105aefdd2cacd2f769d0fb1cfff78f2,2973665665e08fe9c86d7ac59912610933130a1432d9ff533a90a6d2aae893ec,122fca9c88c1665437c95b09c1dd5c91b36a1c407a12253311ff02d6d842e4f0,,,,,,,,,0.6122448979591837,0.19444444444444445,0.4375,0.2692307692307692,0.538109756097561,0.5419207317073171,0.4375,0.6463414634146342,"[[53, 29], [9, 7]]",zz_reps1_linear,1,11,6,13956,9984,11.755852623988176,,,,,,/Users/srikarreddy/Documents/hackathon/hackathon3/QSky-Mizzou-Quantum-Hackathon/models/quantum_ideal/fixed_qsvc_q4_n24_clean_seed42.joblib,,,,,,,,
fixed_qsvc,clean_model_noise_robustness,,4,4,24,24,clean,10,test,6d930e716ad04b90cfec0976b6b155bd0105aefdd2cacd2f769d0fb1cfff78f2,2973665665e08fe9c86d7ac59912610933130a1432d9ff533a90a6d2aae893ec,122fca9c88c1665437c95b09c1dd5c91b36a1c407a12253311ff02d6d842e4f0,,,,,,,,,0.5918367346938775,0.16666666666666666,0.375,0.23076923076923078,0.4077743902439024,0.5045731707317074,0.375,0.6341463414634146,"[[52, 30], [10, 6]]",zz_reps1_linear,1,11,6,13956,9984,11.755852623988176,,,,,,/Users/srikarreddy/Documents/hackathon/hackathon3/QSky-Mizzou-Quantum-Hackathon/models/quantum_ideal/fixed_qsvc_q4_n24_clean_seed42.joblib,,,,,,,,
fixed_qsvc,clean_model_noise_robustness,,4,4,24,24,clean,5,test,6d930e716ad04b90cfec0976b6b155bd0105aefdd2cacd2f769d0fb1cfff78f2,2973665665e08fe9c86d7ac59912610933130a1432d9ff533a90a6d2aae893ec,122fca9c88c1665437c95b09c1dd5c91b36a1c407a12253311ff02d6d842e4f0,,,,,,,,,0.6224489795918368,0.18181818181818182,0.375,0.24489795918367346,0.41234756097560976,0.5228658536585367,0.375,0.6707317073170732,"[[55, 27], [10, 6]]",zz_reps1_linear,1,11,6,13956,9984,11.755852623988176,,,,,,/Users/srikarreddy/Documents/hackathon/hackathon3/QSky-Mizzou-Quantum-Hackathon/models/quantum_ideal/fixed_qsvc_q4_n24_clean_seed42.joblib,,,,,,,,
fixed_qsvc,clean_model_noise_robustness,,4,4,24,24,clean,0,test,6d930e716ad04b90cfec0976b6b155bd0105aefdd2cacd2f769d0fb1cfff78f2,2973665665e08fe9c86d7ac59912610933130a1432d9ff533a90a6d2aae893ec,122fca9c88c1665437c95b09c1dd5c91b36a1c407a12253311ff02d6d842e4f0,,,,,,,,,0.6326530612244898,0.2222222222222222,0.5,0.3076923076923077,0.6021341463414633,0.5792682926829269,0.5,0.6585365853658537,"[[54, 28], [8, 8]]",zz_reps1_linear,1,11,6,13956,9984,11.755852623988176,,,,,,/Users/srikarreddy/Documents/hackathon/hackathon3/QSky-Mizzou-Quantum-Hackathon/models/quantum_ideal/fixed_qsvc_q4_n24_clean_seed42.joblib,,,,,,,,
fixed_qsvc,matched_sample_clean_model_robustness,ideal_statevector_fidelity,4,4,50,50,clean,clean,test,9a07b0b7f852e290ff6715427dae458fd4dded6b97a84e86758e4420e90f7c0c,2973665665e08fe9c86d7ac59912610933130a1432d9ff533a90a6d2aae893ec,122fca9c88c1665437c95b09c1dd5c91b36a1c407a12253311ff02d6d842e4f0,0.55,0.13333333333333333,0.2857142857142857,0.18181818181818182,0.5670995670995671,0.4458874458874459,0.2857142857142857,0.6060606060606061,0.5714285714285714,0.15789473684210525,0.375,0.2222222222222222,0.5236280487804879,0.4923780487804878,0.375,0.6097560975609756,"[[50, 32], [10, 6]]",zz_reps1_linear,1,11,6,29725,32225,38.20039245695807,36.69565333399805,1.5102484170056414,0.004749750019982457,0.005163499998161569,"{""fixed_q4_n50_snr_clean_zz_reps1_linear_seed42_test_snr_0dB"": false, ""fixed_q4_n50_snr_clean_zz_reps1_linear_seed42_test_snr_10dB"": false, ""fixed_q4_n50_snr_clean_zz_reps1_linear_seed42_test_snr_20dB"": false, ""fixed_q4_n50_snr_clean_zz_reps1_linear_seed42_test_snr_5dB"": false, ""fixed_q4_n50_snr_clean_zz_reps1_linear_seed42_test_snr_cleandB"": true, ""fixed_q4_n50_snr_clean_zz_reps1_linear_seed42_training"": false, ""fixed_q4_n50_snr_clean_zz_reps1_linear_seed42_validation"": true, ""unregistered"": false}",/Users/srikarreddy/Documents/hackathon/hackathon3/QSky-Mizzou-Quantum-Hackathon/models/quantum_ideal/fixed_qsvc_q4_n50_clean_seed42.joblib,0.0,,[],0.0,2426.0,/Users/srikarreddy/Documents/hackathon/hackathon3/QSky-Mizzou-Quantum-Hackathon/results/quantum/kernels/fixed_q4_n50_snr_clean_zz_reps1_linear_seed42_training.npy,/Users/srikarreddy/Documents/hackathon/hackathon3/QSky-Mizzou-Quantum-Hackathon/results/quantum/kernels/fixed_q4_n50_snr_clean_zz_reps1_linear_seed42_validation.npy,/Users/srikarreddy/Documents/hackathon/hackathon3/QSky-Mizzou-Quantum-Hackathon/results/quantum/kernels/fixed_q4_n50_snr_clean_zz_reps1_linear_seed42_test_snr_cleandB.npy
fixed_qsvc,matched_sample_clean_model_robustness,ideal_statevector_fidelity,4,4,50,50,clean,20,test,9a07b0b7f852e290ff6715427dae458fd4dded6b97a84e86758e4420e90f7c0c,2973665665e08fe9c86d7ac59912610933130a1432d9ff533a90a6d2aae893ec,122fca9c88c1665437c95b09c1dd5c91b36a1c407a12253311ff02d6d842e4f0,0.55,0.13333333333333333,0.2857142857142857,0.18181818181818182,0.5670995670995671,0.4458874458874459,0.2857142857142857,0.6060606060606061,0.6020408163265306,0.21951219512195122,0.5625,0.3157894736842105,0.6532012195121951,0.5861280487804879,0.5625,0.6097560975609756,"[[50, 32], [7, 9]]",zz_reps1_linear,1,11,6,29725,32225,38.20039245695807,36.69565333399805,1.5102484170056414,0.004391084017697722,0.005163499998161569,"{""fixed_q4_n50_snr_clean_zz_reps1_linear_seed42_test_snr_0dB"": false, ""fixed_q4_n50_snr_clean_zz_reps1_linear_seed42_test_snr_10dB"": false, ""fixed_q4_n50_snr_clean_zz_reps1_linear_seed42_test_snr_20dB"": true, ""fixed_q4_n50_snr_clean_zz_reps1_linear_seed42_test_snr_5dB"": false, ""fixed_q4_n50_snr_clean_zz_reps1_linear_seed42_test_snr_cleandB"": true, ""fixed_q4_n50_snr_clean_zz_reps1_linear_seed42_training"": false, ""fixed_q4_n50_snr_clean_zz_reps1_linear_seed42_validation"": true, ""unregistered"": false}",/Users/srikarreddy/Documents/hackathon/hackathon3/QSky-Mizzou-Quantum-Hackathon/models/quantum_ideal/fixed_qsvc_q4_n50_clean_seed42.joblib,0.0,,[],0.0,2426.0,/Users/srikarreddy/Documents/hackathon/hackathon3/QSky-Mizzou-Quantum-Hackathon/results/quantum/kernels/fixed_q4_n50_snr_clean_zz_reps1_linear_seed42_training.npy,/Users/srikarreddy/Documents/hackathon/hackathon3/QSky-Mizzou-Quantum-Hackathon/results/quantum/kernels/fixed_q4_n50_snr_clean_zz_reps1_linear_seed42_validation.npy,/Users/srikarreddy/Documents/hackathon/hackathon3/QSky-Mizzou-Quantum-Hackathon/results/quantum/kernels/fixed_q4_n50_snr_clean_zz_reps1_linear_seed42_test_snr_20dB.npy
fixed_qsvc,matched_sample_clean_model_robustness,ideal_statevector_fidelity,4,4,50,50,clean,10,test,9a07b0b7f852e290ff6715427dae458fd4dded6b97a84e86758e4420e90f7c0c,2973665665e08fe9c86d7ac59912610933130a1432d9ff533a90a6d2aae893ec,122fca9c88c1665437c95b09c1dd5c91b36a1c407a12253311ff02d6d842e4f0,0.55,0.13333333333333333,0.2857142857142857,0.18181818181818182,0.5670995670995671,0.4458874458874459,0.2857142857142857,0.6060606060606061,0.5612244897959183,0.15384615384615385,0.375,0.21818181818181817,0.45426829268292684,0.48628048780487804,0.375,0.5975609756097561,"[[49, 33], [10, 6]]",zz_reps1_linear,1,11,6,29725,32225,38.20039245695807,36.69565333399805,1.5102484170056414,0.004433583002537489,0.005163499998161569,"{""fixed_q4_n50_snr_clean_zz_reps1_linear_seed42_test_snr_0dB"": false, ""fixed_q4_n50_snr_clean_zz_reps1_linear_seed42_test_snr_10dB"": true, ""fixed_q4_n50_snr_clean_zz_reps1_linear_seed42_test_snr_20dB"": true, ""fixed_q4_n50_snr_clean_zz_reps1_linear_seed42_test_snr_5dB"": false, ""fixed_q4_n50_snr_clean_zz_reps1_linear_seed42_test_snr_cleandB"": true, ""fixed_q4_n50_snr_clean_zz_reps1_linear_seed42_training"": false, ""fixed_q4_n50_snr_clean_zz_reps1_linear_seed42_validation"": true, ""unregistered"": false}",/Users/srikarreddy/Documents/hackathon/hackathon3/QSky-Mizzou-Quantum-Hackathon/models/quantum_ideal/fixed_qsvc_q4_n50_clean_seed42.joblib,0.0,,[],0.0,2426.0,/Users/srikarreddy/Documents/hackathon/hackathon3/QSky-Mizzou-Quantum-Hackathon/results/quantum/kernels/fixed_q4_n50_snr_clean_zz_reps1_linear_seed42_training.npy,/Users/srikarreddy/Documents/hackathon/hackathon3/QSky-Mizzou-Quantum-Hackathon/results/quantum/kernels/fixed_q4_n50_snr_clean_zz_reps1_linear_seed42_validation.npy,/Users/srikarreddy/Documents/hackathon/hackathon3/QSky-Mizzou-Quantum-Hackathon/results/quantum/kernels/fixed_q4_n50_snr_clean_zz_reps1_linear_seed42_test_snr_10dB.npy
fixed_qsvc,matched_sample_clean_model_robustness,ideal_statevector_fidelity,4,4,50,50,clean,5,test,9a07b0b7f852e290ff6715427dae458fd4dded6b97a84e86758e4420e90f7c0c,2973665665e08fe9c86d7ac59912610933130a1432d9ff533a90a6d2aae893ec,122fca9c88c1665437c95b09c1dd5c91b36a1c407a12253311ff02d6d842e4f0,0.55,0.13333333333333333,0.2857142857142857,0.18181818181818182,0.5670995670995671,0.4458874458874459,0.2857142857142857,0.6060606060606061,0.6122448979591837,0.17647058823529413,0.375,0.24,0.4664634146341463,0.5167682926829269,0.375,0.6585365853658537,"[[54, 28], [10, 6]]",zz_reps1_linear,1,11,6,29725,32225,38.20039245695807,36.69565333399805,1.5102484170056414,0.004042957996716723,0.005163499998161569,"{""fixed_q4_n50_snr_clean_zz_reps1_linear_seed42_test_snr_0dB"": false, ""fixed_q4_n50_snr_clean_zz_reps1_linear_seed42_test_snr_10dB"": true, ""fixed_q4_n50_snr_clean_zz_reps1_linear_seed42_test_snr_20dB"": true, ""fixed_q4_n50_snr_clean_zz_reps1_linear_seed42_test_snr_5dB"": true, ""fixed_q4_n50_snr_clean_zz_reps1_linear_seed42_test_snr_cleandB"": true, ""fixed_q4_n50_snr_clean_zz_reps1_linear_seed42_training"": false, ""fixed_q4_n50_snr_clean_zz_reps1_linear_seed42_validation"": true, ""unregistered"": false}",/Users/srikarreddy/Documents/hackathon/hackathon3/QSky-Mizzou-Quantum-Hackathon/models/quantum_ideal/fixed_qsvc_q4_n50_clean_seed42.joblib,0.0,,[],0.0,2426.0,/Users/srikarreddy/Documents/hackathon/hackathon3/QSky-Mizzou-Quantum-Hackathon/results/quantum/kernels/fixed_q4_n50_snr_clean_zz_reps1_linear_seed42_training.npy,/Users/srikarreddy/Documents/hackathon/hackathon3/QSky-Mizzou-Quantum-Hackathon/results/quantum/kernels/fixed_q4_n50_snr_clean_zz_reps1_linear_seed42_validation.npy,/Users/srikarreddy/Documents/hackathon/hackathon3/QSky-Mizzou-Quantum-Hackathon/results/quantum/kernels/fixed_q4_n50_snr_clean_zz_reps1_linear_seed42_test_snr_5dB.npy
fixed_qsvc,matched_sample_clean_model_robustness,ideal_statevector_fidelity,4,4,50,50,clean,0,test,9a07b0b7f852e290ff6715427dae458fd4dded6b97a84e86758e4420e90f7c0c,2973665665e08fe9c86d7ac59912610933130a1432d9ff533a90a6d2aae893ec,122fca9c88c1665437c95b09c1dd5c91b36a1c407a12253311ff02d6d842e4f0,0.55,0.13333333333333333,0.2857142857142857,0.18181818181818182,0.5670995670995671,0.4458874458874459,0.2857142857142857,0.6060606060606061,0.5918367346938775,0.22727272727272727,0.625,0.3333333333333333,0.6044207317073171,0.6051829268292683,0.625,0.5853658536585366,"[[48, 34], [6, 10]]",zz_reps1_linear,1,11,6,29725,32225,38.20039245695807,36.69565333399805,1.5102484170056414,0.004012457997305319,0.005163499998161569,"{""fixed_q4_n50_snr_clean_zz_reps1_linear_seed42_test_snr_0dB"": true, ""fixed_q4_n50_snr_clean_zz_reps1_linear_seed42_test_snr_10dB"": true, ""fixed_q4_n50_snr_clean_zz_reps1_linear_seed42_test_snr_20dB"": true, ""fixed_q4_n50_snr_clean_zz_reps1_linear_seed42_test_snr_5dB"": true, ""fixed_q4_n50_snr_clean_zz_reps1_linear_seed42_test_snr_cleandB"": true, ""fixed_q4_n50_snr_clean_zz_reps1_linear_seed42_training"": false, ""fixed_q4_n50_snr_clean_zz_reps1_linear_seed42_validation"": true, ""unregistered"": false}",/Users/srikarreddy/Documents/hackathon/hackathon3/QSky-Mizzou-Quantum-Hackathon/models/quantum_ideal/fixed_qsvc_q4_n50_clean_seed42.joblib,0.0,,[],0.0,2426.0,/Users/srikarreddy/Documents/hackathon/hackathon3/QSky-Mizzou-Quantum-Hackathon/results/quantum/kernels/fixed_q4_n50_snr_clean_zz_reps1_linear_seed42_training.npy,/Users/srikarreddy/Documents/hackathon/hackathon3/QSky-Mizzou-Quantum-Hackathon/results/quantum/kernels/fixed_q4_n50_snr_clean_zz_reps1_linear_seed42_validation.npy,/Users/srikarreddy/Documents/hackathon/hackathon3/QSky-Mizzou-Quantum-Hackathon/results/quantum/kernels/fixed_q4_n50_snr_clean_zz_reps1_linear_seed42_test_snr_0dB.npy
rbf_svm,matched_sample_clean_model_robustness,classical_cpu,4,0,50,50,clean,clean,test,9a07b0b7f852e290ff6715427dae458fd4dded6b97a84e86758e4420e90f7c0c,2973665665e08fe9c86d7ac59912610933130a1432d9ff533a90a6d2aae893ec,122fca9c88c1665437c95b09c1dd5c91b36a1c407a12253311ff02d6d842e4f0,0.625,0.23333333333333334,0.5,0.3181818181818182,0.6277056277056277,0.5757575757575757,0.5,0.6515151515151515,0.7142857142857143,0.3333333333333333,0.75,0.46153846153846156,0.7911585365853658,0.7286585365853658,0.75,0.7073170731707317,"[[58, 24], [4, 12]]",none,0,0,0,0,0,0.0,0.0,0.0006308750016614795,0.004207667021546513,0.0,{},/Users/srikarreddy/Documents/hackathon/hackathon3/QSky-Mizzou-Quantum-Hackathon/models/quantum_ideal/rbf_svm_q4_n50_clean_aggregated_seed42.joblib,0.0,,[],0.0,,,,
rbf_svm,matched_sample_clean_model_robustness,classical_cpu,4,0,50,50,clean,20,test,9a07b0b7f852e290ff6715427dae458fd4dded6b97a84e86758e4420e90f7c0c,2973665665e08fe9c86d7ac59912610933130a1432d9ff533a90a6d2aae893ec,122fca9c88c1665437c95b09c1dd5c91b36a1c407a12253311ff02d6d842e4f0,0.625,0.23333333333333334,0.5,0.3181818181818182,0.6277056277056277,0.5757575757575757,0.5,0.6515151515151515,0.7448979591836735,0.3448275862068966,0.625,0.4444444444444444,0.7751524390243902,0.6966463414634146,0.625,0.7682926829268293,"[[63, 19], [6, 10]]",none,0,0,0,0,0,0.0,0.0,0.0006308750016614795,0.00418550000176765,0.0,{},/Users/srikarreddy/Documents/hackathon/hackathon3/QSky-Mizzou-Quantum-Hackathon/models/quantum_ideal/rbf_svm_q4_n50_clean_aggregated_seed42.joblib,0.0,,[],0.0,,,,
rbf_svm,matched_sample_clean_model_robustness,classical_cpu,4,0,50,50,clean,10,test,9a07b0b7f852e290ff6715427dae458fd4dded6b97a84e86758e4420e90f7c0c,2973665665e08fe9c86d7ac59912610933130a1432d9ff533a90a6d2aae893ec,122fca9c88c1665437c95b09c1dd5c91b36a1c407a12253311ff02d6d842e4f0,0.625,0.23333333333333334,0.5,0.3181818181818182,0.6277056277056277,0.5757575757575757,0.5,0.6515151515151515,0.7551020408163265,0.3,0.375,0.3333333333333333,0.7652439024390244,0.6021341463414633,0.375,0.8292682926829268,"[[68, 14], [10, 6]]",none,0,0,0,0,0,0.0,0.0,0.0006308750016614795,0.0041418750188313425,0.0,{},/Users/srikarreddy/Documents/hackathon/hackathon3/QSky-Mizzou-Quantum-Hackathon/models/quantum_ideal/rbf_svm_q4_n50_clean_aggregated_seed42.joblib,0.0,,[],0.0,,,,
rbf_svm,matched_sample_clean_model_robustness,classical_cpu,4,0,50,50,clean,5,test,9a07b0b7f852e290ff6715427dae458fd4dded6b97a84e86758e4420e90f7c0c,2973665665e08fe9c86d7ac59912610933130a1432d9ff533a90a6d2aae893ec,122fca9c88c1665437c95b09c1dd5c91b36a1c407a12253311ff02d6d842e4f0,0.625,0.23333333333333334,0.5,0.3181818181818182,0.6277056277056277,0.5757575757575757,0.5,0.6515151515151515,0.7346938775510204,0.25,0.3125,0.2777777777777778,0.7583841463414634,0.5647865853658536,0.3125,0.8170731707317073,"[[67, 15], [11, 5]]",none,0,0,0,0,0,0.0,0.0,0.0006308750016614795,0.004175667010713369,0.0,{},/Users/srikarreddy/Documents/hackathon/hackathon3/QSky-Mizzou-Quantum-Hackathon/models/quantum_ideal/rbf_svm_q4_n50_clean_aggregated_seed42.joblib,0.0,,[],0.0,,,,
rbf_svm,matched_sample_clean_model_robustness,classical_cpu,4,0,50,50,clean,0,test,9a07b0b7f852e290ff6715427dae458fd4dded6b97a84e86758e4420e90f7c0c,2973665665e08fe9c86d7ac59912610933130a1432d9ff533a90a6d2aae893ec,122fca9c88c1665437c95b09c1dd5c91b36a1c407a12253311ff02d6d842e4f0,0.625,0.23333333333333334,0.5,0.3181818181818182,0.6277056277056277,0.5757575757575757,0.5,0.6515151515151515,0.7346938775510204,0.25,0.3125,0.2777777777777778,0.7530487804878049,0.5647865853658536,0.3125,0.8170731707317073,"[[67, 15], [11, 5]]",none,0,0,0,0,0,0.0,0.0,0.0006308750016614795,0.004151833010837436,0.0,{},/Users/srikarreddy/Documents/hackathon/hackathon3/QSky-Mizzou-Quantum-Hackathon/models/quantum_ideal/rbf_svm_q4_n50_clean_aggregated_seed42.joblib,0.0,,[],0.0,,,,
small_mlp,matched_sample_clean_model_robustness,classical_cpu,4,0,50,50,clean,clean,test,9a07b0b7f852e290ff6715427dae458fd4dded6b97a84e86758e4420e90f7c0c,2973665665e08fe9c86d7ac59912610933130a1432d9ff533a90a6d2aae893ec,122fca9c88c1665437c95b09c1dd5c91b36a1c407a12253311ff02d6d842e4f0,0.825,0.0,0.0,0.0,0.3041125541125541,0.5,0.0,1.0,0.8367346938775511,0.0,0.0,0.0,0.32621951219512196,0.5,0.0,1.0,"[[82, 0], [16, 0]]",none,0,0,0,0,0,0.0,0.0,0.07761750000645407,0.0039008329913485795,0.0,{},/Users/srikarreddy/Documents/hackathon/hackathon3/QSky-Mizzou-Quantum-Hackathon/models/quantum_ideal/small_mlp_q4_n50_clean_aggregated_seed42.joblib,0.0,,[],0.0,,,,
small_mlp,matched_sample_clean_model_robustness,classical_cpu,4,0,50,50,clean,20,test,9a07b0b7f852e290ff6715427dae458fd4dded6b97a84e86758e4420e90f7c0c,2973665665e08fe9c86d7ac59912610933130a1432d9ff533a90a6d2aae893ec,122fca9c88c1665437c95b09c1dd5c91b36a1c407a12253311ff02d6d842e4f0,0.825,0.0,0.0,0.0,0.3041125541125541,0.5,0.0,1.0,0.8367346938775511,0.0,0.0,0.0,0.34908536585365857,0.5,0.0,1.0,"[[82, 0], [16, 0]]",none,0,0,0,0,0,0.0,0.0,0.07761750000645407,0.0039272920112125576,0.0,{},/Users/srikarreddy/Documents/hackathon/hackathon3/QSky-Mizzou-Quantum-Hackathon/models/quantum_ideal/small_mlp_q4_n50_clean_aggregated_seed42.joblib,0.0,,[],0.0,,,,
small_mlp,matched_sample_clean_model_robustness,classical_cpu,4,0,50,50,clean,10,test,9a07b0b7f852e290ff6715427dae458fd4dded6b97a84e86758e4420e90f7c0c,2973665665e08fe9c86d7ac59912610933130a1432d9ff533a90a6d2aae893ec,122fca9c88c1665437c95b09c1dd5c91b36a1c407a12253311ff02d6d842e4f0,0.825,0.0,0.0,0.0,0.3041125541125541,0.5,0.0,1.0,0.8367346938775511,0.0,0.0,0.0,0.37728658536585363,0.5,0.0,1.0,"[[82, 0], [16, 0]]",none,0,0,0,0,0,0.0,0.0,0.07761750000645407,0.0038398749893531203,0.0,{},/Users/srikarreddy/Documents/hackathon/hackathon3/QSky-Mizzou-Quantum-Hackathon/models/quantum_ideal/small_mlp_q4_n50_clean_aggregated_seed42.joblib,0.0,,[],0.0,,,,
small_mlp,matched_sample_clean_model_robustness,classical_cpu,4,0,50,50,clean,5,test,9a07b0b7f852e290ff6715427dae458fd4dded6b97a84e86758e4420e90f7c0c,2973665665e08fe9c86d7ac59912610933130a1432d9ff533a90a6d2aae893ec,122fca9c88c1665437c95b09c1dd5c91b36a1c407a12253311ff02d6d842e4f0,0.825,0.0,0.0,0.0,0.3041125541125541,0.5,0.0,1.0,0.8367346938775511,0.0,0.0,0.0,0.38262195121951226,0.5,0.0,1.0,"[[82, 0], [16, 0]]",none,0,0,0,0,0,0.0,0.0,0.07761750000645407,0.0039428330201189965,0.0,{},/Users/srikarreddy/Documents/hackathon/hackathon3/QSky-Mizzou-Quantum-Hackathon/models/quantum_ideal/small_mlp_q4_n50_clean_aggregated_seed42.joblib,0.0,,[],0.0,,,,
small_mlp,matched_sample_clean_model_robustness,classical_cpu,4,0,50,50,clean,0,test,9a07b0b7f852e290ff6715427dae458fd4dded6b97a84e86758e4420e90f7c0c,2973665665e08fe9c86d7ac59912610933130a1432d9ff533a90a6d2aae893ec,122fca9c88c1665437c95b09c1dd5c91b36a1c407a12253311ff02d6d842e4f0,0.825,0.0,0.0,0.0,0.3041125541125541,0.5,0.0,1.0,0.8367346938775511,0.0,0.0,0.0,0.39786585365853655,0.5,0.0,1.0,"[[82, 0], [16, 0]]",none,0,0,0,0,0,0.0,0.0,0.07761750000645407,0.0037470410170499235,0.0,{},/Users/srikarreddy/Documents/hackathon/hackathon3/QSky-Mizzou-Quantum-Hackathon/models/quantum_ideal/small_mlp_q4_n50_clean_aggregated_seed42.joblib,0.0,,[],0.0,,,,
fixed_qsvc,matched_sample_clean_model_robustness,ideal_statevector_fidelity,4,4,70,70,clean,clean,test,b4738a0e925c1c03ecfd4f680ea9777e823c2b07f03e8a7425378b68bc46d466,2973665665e08fe9c86d7ac59912610933130a1432d9ff533a90a6d2aae893ec,122fca9c88c1665437c95b09c1dd5c91b36a1c407a12253311ff02d6d842e4f0,0.5125,0.1951219512195122,0.5714285714285714,0.2909090909090909,0.5313852813852814,0.5357142857142857,0.5714285714285714,0.5,0.4489795918367347,0.1724137931034483,0.625,0.2702702702702703,0.5182926829268293,0.5198170731707317,0.625,0.4146341463414634,"[[34, 48], [6, 10]]",zz_reps1_linear,1,11,6,42315,47215,54.19034549992648,51.25679491600022,2.93896808300633,0.004077958001289517,0.004593125020619482,"{""fixed_q4_n70_snr_clean_zz_reps1_linear_seed42_test_snr_0dB"": false, ""fixed_q4_n70_snr_clean_zz_reps1_linear_seed42_test_snr_10dB"": false, ""fixed_q4_n70_snr_clean_zz_reps1_linear_seed42_test_snr_20dB"": false, ""fixed_q4_n70_snr_clean_zz_reps1_linear_seed42_test_snr_5dB"": false, ""fixed_q4_n70_snr_clean_zz_reps1_linear_seed42_test_snr_cleandB"": true, ""fixed_q4_n70_snr_clean_zz_reps1_linear_seed42_training"": false, ""fixed_q4_n70_snr_clean_zz_reps1_linear_seed42_validation"": true, ""unregistered"": false}",/Users/srikarreddy/Documents/hackathon/hackathon3/QSky-Mizzou-Quantum-Hackathon/models/quantum_ideal/fixed_qsvc_q4_n70_clean_seed42.joblib,0.0,,[],0.0,3654.0,/Users/srikarreddy/Documents/hackathon/hackathon3/QSky-Mizzou-Quantum-Hackathon/results/quantum/kernels/fixed_q4_n70_snr_clean_zz_reps1_linear_seed42_training.npy,/Users/srikarreddy/Documents/hackathon/hackathon3/QSky-Mizzou-Quantum-Hackathon/results/quantum/kernels/fixed_q4_n70_snr_clean_zz_reps1_linear_seed42_validation.npy,/Users/srikarreddy/Documents/hackathon/hackathon3/QSky-Mizzou-Quantum-Hackathon/results/quantum/kernels/fixed_q4_n70_snr_clean_zz_reps1_linear_seed42_test_snr_cleandB.npy
fixed_qsvc,matched_sample_clean_model_robustness,ideal_statevector_fidelity,4,4,70,70,clean,20,test,b4738a0e925c1c03ecfd4f680ea9777e823c2b07f03e8a7425378b68bc46d466,2973665665e08fe9c86d7ac59912610933130a1432d9ff533a90a6d2aae893ec,122fca9c88c1665437c95b09c1dd5c91b36a1c407a12253311ff02d6d842e4f0,0.5125,0.1951219512195122,0.5714285714285714,0.2909090909090909,0.5313852813852814,0.5357142857142857,0.5714285714285714,0.5,0.4489795918367347,0.203125,0.8125,0.325,0.6432926829268293,0.5952743902439024,0.8125,0.3780487804878049,"[[31, 51], [3, 13]]",zz_reps1_linear,1,11,6,42315,47215,54.19034549992648,51.25679491600022,2.93896808300633,0.003968374978285283,0.004593125020619482,"{""fixed_q4_n70_snr_clean_zz_reps1_linear_seed42_test_snr_0dB"": false, ""fixed_q4_n70_snr_clean_zz_reps1_linear_seed42_test_snr_10dB"": false, ""fixed_q4_n70_snr_clean_zz_reps1_linear_seed42_test_snr_20dB"": true, ""fixed_q4_n70_snr_clean_zz_reps1_linear_seed42_test_snr_5dB"": false, ""fixed_q4_n70_snr_clean_zz_reps1_linear_seed42_test_snr_cleandB"": true, ""fixed_q4_n70_snr_clean_zz_reps1_linear_seed42_training"": false, ""fixed_q4_n70_snr_clean_zz_reps1_linear_seed42_validation"": true, ""unregistered"": false}",/Users/srikarreddy/Documents/hackathon/hackathon3/QSky-Mizzou-Quantum-Hackathon/models/quantum_ideal/fixed_qsvc_q4_n70_clean_seed42.joblib,0.0,,[],0.0,3654.0,/Users/srikarreddy/Documents/hackathon/hackathon3/QSky-Mizzou-Quantum-Hackathon/results/quantum/kernels/fixed_q4_n70_snr_clean_zz_reps1_linear_seed42_training.npy,/Users/srikarreddy/Documents/hackathon/hackathon3/QSky-Mizzou-Quantum-Hackathon/results/quantum/kernels/fixed_q4_n70_snr_clean_zz_reps1_linear_seed42_validation.npy,/Users/srikarreddy/Documents/hackathon/hackathon3/QSky-Mizzou-Quantum-Hackathon/results/quantum/kernels/fixed_q4_n70_snr_clean_zz_reps1_linear_seed42_test_snr_20dB.npy
fixed_qsvc,matched_sample_clean_model_robustness,ideal_statevector_fidelity,4,4,70,70,clean,10,test,b4738a0e925c1c03ecfd4f680ea9777e823c2b07f03e8a7425378b68bc46d466,2973665665e08fe9c86d7ac59912610933130a1432d9ff533a90a6d2aae893ec,122fca9c88c1665437c95b09c1dd5c91b36a1c407a12253311ff02d6d842e4f0,0.5125,0.1951219512195122,0.5714285714285714,0.2909090909090909,0.5313852813852814,0.5357142857142857,0.5714285714285714,0.5,0.37755102040816324,0.11864406779661017,0.4375,0.18666666666666668,0.41006097560975613,0.4016768292682927,0.4375,0.36585365853658536,"[[30, 52], [9, 7]]",zz_reps1_linear,1,11,6,42315,47215,54.19034549992648,51.25679491600022,2.93896808300633,0.004001166991656646,0.004593125020619482,"{""fixed_q4_n70_snr_clean_zz_reps1_linear_seed42_test_snr_0dB"": false, ""fixed_q4_n70_snr_clean_zz_reps1_linear_seed42_test_snr_10dB"": true, ""fixed_q4_n70_snr_clean_zz_reps1_linear_seed42_test_snr_20dB"": true, ""fixed_q4_n70_snr_clean_zz_reps1_linear_seed42_test_snr_5dB"": false, ""fixed_q4_n70_snr_clean_zz_reps1_linear_seed42_test_snr_cleandB"": true, ""fixed_q4_n70_snr_clean_zz_reps1_linear_seed42_training"": false, ""fixed_q4_n70_snr_clean_zz_reps1_linear_seed42_validation"": true, ""unregistered"": false}",/Users/srikarreddy/Documents/hackathon/hackathon3/QSky-Mizzou-Quantum-Hackathon/models/quantum_ideal/fixed_qsvc_q4_n70_clean_seed42.joblib,0.0,,[],0.0,3654.0,/Users/srikarreddy/Documents/hackathon/hackathon3/QSky-Mizzou-Quantum-Hackathon/results/quantum/kernels/fixed_q4_n70_snr_clean_zz_reps1_linear_seed42_training.npy,/Users/srikarreddy/Documents/hackathon/hackathon3/QSky-Mizzou-Quantum-Hackathon/results/quantum/kernels/fixed_q4_n70_snr_clean_zz_reps1_linear_seed42_validation.npy,/Users/srikarreddy/Documents/hackathon/hackathon3/QSky-Mizzou-Quantum-Hackathon/results/quantum/kernels/fixed_q4_n70_snr_clean_zz_reps1_linear_seed42_test_snr_10dB.npy
fixed_qsvc,matched_sample_clean_model_robustness,ideal_statevector_fidelity,4,4,70,70,clean,5,test,b4738a0e925c1c03ecfd4f680ea9777e823c2b07f03e8a7425378b68bc46d466,2973665665e08fe9c86d7ac59912610933130a1432d9ff533a90a6d2aae893ec,122fca9c88c1665437c95b09c1dd5c91b36a1c407a12253311ff02d6d842e4f0,0.5125,0.1951219512195122,0.5714285714285714,0.2909090909090909,0.5313852813852814,0.5357142857142857,0.5714285714285714,0.5,0.3979591836734694,0.15873015873015872,0.625,0.25316455696202533,0.4032012195121951,0.4893292682926829,0.625,0.35365853658536583,"[[29, 53], [6, 10]]",zz_reps1_linear,1,11,6,42315,47215,54.19034549992648,51.25679491600022,2.93896808300633,0.004046791989821941,0.004593125020619482,"{""fixed_q4_n70_snr_clean_zz_reps1_linear_seed42_test_snr_0dB"": false, ""fixed_q4_n70_snr_clean_zz_reps1_linear_seed42_test_snr_10dB"": true, ""fixed_q4_n70_snr_clean_zz_reps1_linear_seed42_test_snr_20dB"": true, ""fixed_q4_n70_snr_clean_zz_reps1_linear_seed42_test_snr_5dB"": true, ""fixed_q4_n70_snr_clean_zz_reps1_linear_seed42_test_snr_cleandB"": true, ""fixed_q4_n70_snr_clean_zz_reps1_linear_seed42_training"": false, ""fixed_q4_n70_snr_clean_zz_reps1_linear_seed42_validation"": true, ""unregistered"": false}",/Users/srikarreddy/Documents/hackathon/hackathon3/QSky-Mizzou-Quantum-Hackathon/models/quantum_ideal/fixed_qsvc_q4_n70_clean_seed42.joblib,0.0,,[],0.0,3654.0,/Users/srikarreddy/Documents/hackathon/hackathon3/QSky-Mizzou-Quantum-Hackathon/results/quantum/kernels/fixed_q4_n70_snr_clean_zz_reps1_linear_seed42_training.npy,/Users/srikarreddy/Documents/hackathon/hackathon3/QSky-Mizzou-Quantum-Hackathon/results/quantum/kernels/fixed_q4_n70_snr_clean_zz_reps1_linear_seed42_validation.npy,/Users/srikarreddy/Documents/hackathon/hackathon3/QSky-Mizzou-Quantum-Hackathon/results/quantum/kernels/fixed_q4_n70_snr_clean_zz_reps1_linear_seed42_test_snr_5dB.npy
fixed_qsvc,matched_sample_clean_model_robustness,ideal_statevector_fidelity,4,4,70,70,clean,0,test,b4738a0e925c1c03ecfd4f680ea9777e823c2b07f03e8a7425378b68bc46d466,2973665665e08fe9c86d7ac59912610933130a1432d9ff533a90a6d2aae893ec,122fca9c88c1665437c95b09c1dd5c91b36a1c407a12253311ff02d6d842e4f0,0.5125,0.1951219512195122,0.5714285714285714,0.2909090909090909,0.5313852813852814,0.5357142857142857,0.5714285714285714,0.5,0.46938775510204084,0.1896551724137931,0.6875,0.2972972972972973,0.5640243902439025,0.5571646341463414,0.6875,0.4268292682926829,"[[35, 47], [5, 11]]",zz_reps1_linear,1,11,6,42315,47215,54.19034549992648,51.25679491600022,2.93896808300633,0.004046500020194799,0.004593125020619482,"{""fixed_q4_n70_snr_clean_zz_reps1_linear_seed42_test_snr_0dB"": true, ""fixed_q4_n70_snr_clean_zz_reps1_linear_seed42_test_snr_10dB"": true, ""fixed_q4_n70_snr_clean_zz_reps1_linear_seed42_test_snr_20dB"": true, ""fixed_q4_n70_snr_clean_zz_reps1_linear_seed42_test_snr_5dB"": true, ""fixed_q4_n70_snr_clean_zz_reps1_linear_seed42_test_snr_cleandB"": true, ""fixed_q4_n70_snr_clean_zz_reps1_linear_seed42_training"": false, ""fixed_q4_n70_snr_clean_zz_reps1_linear_seed42_validation"": true, ""unregistered"": false}",/Users/srikarreddy/Documents/hackathon/hackathon3/QSky-Mizzou-Quantum-Hackathon/models/quantum_ideal/fixed_qsvc_q4_n70_clean_seed42.joblib,0.0,,[],0.0,3654.0,/Users/srikarreddy/Documents/hackathon/hackathon3/QSky-Mizzou-Quantum-Hackathon/results/quantum/kernels/fixed_q4_n70_snr_clean_zz_reps1_linear_seed42_training.npy,/Users/srikarreddy/Documents/hackathon/hackathon3/QSky-Mizzou-Quantum-Hackathon/results/quantum/kernels/fixed_q4_n70_snr_clean_zz_reps1_linear_seed42_validation.npy,/Users/srikarreddy/Documents/hackathon/hackathon3/QSky-Mizzou-Quantum-Hackathon/results/quantum/kernels/fixed_q4_n70_snr_clean_zz_reps1_linear_seed42_test_snr_0dB.npy
rbf_svm,matched_sample_clean_model_robustness,classical_cpu,4,0,70,70,clean,clean,test,b4738a0e925c1c03ecfd4f680ea9777e823c2b07f03e8a7425378b68bc46d466,2973665665e08fe9c86d7ac59912610933130a1432d9ff533a90a6d2aae893ec,122fca9c88c1665437c95b09c1dd5c91b36a1c407a12253311ff02d6d842e4f0,0.575,0.23684210526315788,0.6428571428571429,0.34615384615384615,0.6623376623376623,0.6017316017316017,0.6428571428571429,0.5606060606060606,0.6632653061224489,0.3023255813953488,0.8125,0.4406779661016949,0.7987804878048781,0.7233231707317074,0.8125,0.6341463414634146,"[[52, 30], [3, 13]]",none,0,0,0,0,0,0.0,0.0,0.0006395420059561729,0.004266500007361174,0.0,{},/Users/srikarreddy/Documents/hackathon/hackathon3/QSky-Mizzou-Quantum-Hackathon/models/quantum_ideal/rbf_svm_q4_n70_clean_aggregated_seed42.joblib,0.0,,[],0.0,,,,
rbf_svm,matched_sample_clean_model_robustness,classical_cpu,4,0,70,70,clean,20,test,b4738a0e925c1c03ecfd4f680ea9777e823c2b07f03e8a7425378b68bc46d466,2973665665e08fe9c86d7ac59912610933130a1432d9ff533a90a6d2aae893ec,122fca9c88c1665437c95b09c1dd5c91b36a1c407a12253311ff02d6d842e4f0,0.575,0.23684210526315788,0.6428571428571429,0.34615384615384615,0.6623376623376623,0.6017316017316017,0.6428571428571429,0.5606060606060606,0.7244897959183674,0.3333333333333333,0.6875,0.4489795918367347,0.7903963414634146,0.7096036585365854,0.6875,0.7317073170731707,"[[60, 22], [5, 11]]",none,0,0,0,0,0,0.0,0.0,0.0006395420059561729,0.004245249991072342,0.0,{},/Users/srikarreddy/Documents/hackathon/hackathon3/QSky-Mizzou-Quantum-Hackathon/models/quantum_ideal/rbf_svm_q4_n70_clean_aggregated_seed42.joblib,0.0,,[],0.0,,,,
rbf_svm,matched_sample_clean_model_robustness,classical_cpu,4,0,70,70,clean,10,test,b4738a0e925c1c03ecfd4f680ea9777e823c2b07f03e8a7425378b68bc46d466,2973665665e08fe9c86d7ac59912610933130a1432d9ff533a90a6d2aae893ec,122fca9c88c1665437c95b09c1dd5c91b36a1c407a12253311ff02d6d842e4f0,0.575,0.23684210526315788,0.6428571428571429,0.34615384615384615,0.6623376623376623,0.6017316017316017,0.6428571428571429,0.5606060606060606,0.7244897959183674,0.3225806451612903,0.625,0.425531914893617,0.7835365853658538,0.6844512195121951,0.625,0.7439024390243902,"[[61, 21], [6, 10]]",none,0,0,0,0,0,0.0,0.0,0.0006395420059561729,0.004201292002107948,0.0,{},/Users/srikarreddy/Documents/hackathon/hackathon3/QSky-Mizzou-Quantum-Hackathon/models/quantum_ideal/rbf_svm_q4_n70_clean_aggregated_seed42.joblib,0.0,,[],0.0,,,,
rbf_svm,matched_sample_clean_model_robustness,classical_cpu,4,0,70,70,clean,5,test,b4738a0e925c1c03ecfd4f680ea9777e823c2b07f03e8a7425378b68bc46d466,2973665665e08fe9c86d7ac59912610933130a1432d9ff533a90a6d2aae893ec,122fca9c88c1665437c95b09c1dd5c91b36a1c407a12253311ff02d6d842e4f0,0.575,0.23684210526315788,0.6428571428571429,0.34615384615384615,0.6623376623376623,0.6017316017316017,0.6428571428571429,0.5606060606060606,0.7448979591836735,0.3333333333333333,0.5625,0.4186046511627907,0.7759146341463415,0.6714939024390244,0.5625,0.7804878048780488,"[[64, 18], [7, 9]]",none,0,0,0,0,0,0.0,0.0,0.0006395420059561729,0.004222416988341138,0.0,{},/Users/srikarreddy/Documents/hackathon/hackathon3/QSky-Mizzou-Quantum-Hackathon/models/quantum_ideal/rbf_svm_q4_n70_clean_aggregated_seed42.joblib,0.0,,[],0.0,,,,
rbf_svm,matched_sample_clean_model_robustness,classical_cpu,4,0,70,70,clean,0,test,b4738a0e925c1c03ecfd4f680ea9777e823c2b07f03e8a7425378b68bc46d466,2973665665e08fe9c86d7ac59912610933130a1432d9ff533a90a6d2aae893ec,122fca9c88c1665437c95b09c1dd5c91b36a1c407a12253311ff02d6d842e4f0,0.575,0.23684210526315788,0.6428571428571429,0.34615384615384615,0.6623376623376623,0.6017316017316017,0.6428571428571429,0.5606060606060606,0.7244897959183674,0.2608695652173913,0.375,0.3076923076923077,0.7721036585365855,0.5838414634146342,0.375,0.7926829268292683,"[[65, 17], [10, 6]]",none,0,0,0,0,0,0.0,0.0,0.0006395420059561729,0.004207582998787984,0.0,{},/Users/srikarreddy/Documents/hackathon/hackathon3/QSky-Mizzou-Quantum-Hackathon/models/quantum_ideal/rbf_svm_q4_n70_clean_aggregated_seed42.joblib,0.0,,[],0.0,,,,
small_mlp,matched_sample_clean_model_robustness,classical_cpu,4,0,70,70,clean,clean,test,b4738a0e925c1c03ecfd4f680ea9777e823c2b07f03e8a7425378b68bc46d466,2973665665e08fe9c86d7ac59912610933130a1432d9ff533a90a6d2aae893ec,122fca9c88c1665437c95b09c1dd5c91b36a1c407a12253311ff02d6d842e4f0,0.825,0.0,0.0,0.0,0.30086580086580084,0.5,0.0,1.0,0.8367346938775511,0.0,0.0,0.0,0.3269817073170732,0.5,0.0,1.0,"[[82, 0], [16, 0]]",none,0,0,0,0,0,0.0,0.0,0.07910154099226929,0.003850874985801056,0.0,{},/Users/srikarreddy/Documents/hackathon/hackathon3/QSky-Mizzou-Quantum-Hackathon/models/quantum_ideal/small_mlp_q4_n70_clean_aggregated_seed42.joblib,0.0,,[],0.0,,,,
small_mlp,matched_sample_clean_model_robustness,classical_cpu,4,0,70,70,clean,20,test,b4738a0e925c1c03ecfd4f680ea9777e823c2b07f03e8a7425378b68bc46d466,2973665665e08fe9c86d7ac59912610933130a1432d9ff533a90a6d2aae893ec,122fca9c88c1665437c95b09c1dd5c91b36a1c407a12253311ff02d6d842e4f0,0.825,0.0,0.0,0.0,0.30086580086580084,0.5,0.0,1.0,0.8367346938775511,0.0,0.0,0.0,0.3536585365853659,0.5,0.0,1.0,"[[82, 0], [16, 0]]",none,0,0,0,0,0,0.0,0.0,0.07910154099226929,0.003821833000984043,0.0,{},/Users/srikarreddy/Documents/hackathon/hackathon3/QSky-Mizzou-Quantum-Hackathon/models/quantum_ideal/small_mlp_q4_n70_clean_aggregated_seed42.joblib,0.0,,[],0.0,,,,
small_mlp,matched_sample_clean_model_robustness,classical_cpu,4,0,70,70,clean,10,test,b4738a0e925c1c03ecfd4f680ea9777e823c2b07f03e8a7425378b68bc46d466,2973665665e08fe9c86d7ac59912610933130a1432d9ff533a90a6d2aae893ec,122fca9c88c1665437c95b09c1dd5c91b36a1c407a12253311ff02d6d842e4f0,0.825,0.0,0.0,0.0,0.30086580086580084,0.5,0.0,1.0,0.8367346938775511,0.0,0.0,0.0,0.3795731707317073,0.5,0.0,1.0,"[[82, 0], [16, 0]]",none,0,0,0,0,0,0.0,0.0,0.07910154099226929,0.003866124985506758,0.0,{},/Users/srikarreddy/Documents/hackathon/hackathon3/QSky-Mizzou-Quantum-Hackathon/models/quantum_ideal/small_mlp_q4_n70_clean_aggregated_seed42.joblib,0.0,,[],0.0,,,,
small_mlp,matched_sample_clean_model_robustness,classical_cpu,4,0,70,70,clean,5,test,b4738a0e925c1c03ecfd4f680ea9777e823c2b07f03e8a7425378b68bc46d466,2973665665e08fe9c86d7ac59912610933130a1432d9ff533a90a6d2aae893ec,122fca9c88c1665437c95b09c1dd5c91b36a1c407a12253311ff02d6d842e4f0,0.825,0.0,0.0,0.0,0.30086580086580084,0.5,0.0,1.0,0.8367346938775511,0.0,0.0,0.0,0.3871951219512195,0.5,0.0,1.0,"[[82, 0], [16, 0]]",none,0,0,0,0,0,0.0,0.0,0.07910154099226929,0.003849667002214119,0.0,{},/Users/srikarreddy/Documents/hackathon/hackathon3/QSky-Mizzou-Quantum-Hackathon/models/quantum_ideal/small_mlp_q4_n70_clean_aggregated_seed42.joblib,0.0,,[],0.0,,,,
small_mlp,matched_sample_clean_model_robustness,classical_cpu,4,0,70,70,clean,0,test,b4738a0e925c1c03ecfd4f680ea9777e823c2b07f03e8a7425378b68bc46d466,2973665665e08fe9c86d7ac59912610933130a1432d9ff533a90a6d2aae893ec,122fca9c88c1665437c95b09c1dd5c91b36a1c407a12253311ff02d6d842e4f0,0.825,0.0,0.0,0.0,0.30086580086580084,0.5,0.0,1.0,0.8367346938775511,0.0,0.0,0.0,0.40548780487804875,0.5,0.0,1.0,"[[82, 0], [16, 0]]",none,0,0,0,0,0,0.0,0.0,0.07910154099226929,0.00404812500346452,0.0,{},/Users/srikarreddy/Documents/hackathon/hackathon3/QSky-Mizzou-Quantum-Hackathon/models/quantum_ideal/small_mlp_q4_n70_clean_aggregated_seed42.joblib,0.0,,[],0.0,,,,
fixed_qsvc,matched_sample_clean_model_robustness,ideal_statevector_fidelity,5,5,24,24,clean,clean,test,6d930e716ad04b90cfec0976b6b155bd0105aefdd2cacd2f769d0fb1cfff78f2,2973665665e08fe9c86d7ac59912610933130a1432d9ff533a90a6d2aae893ec,122fca9c88c1665437c95b09c1dd5c91b36a1c407a12253311ff02d6d842e4f0,0.575,0.2619047619047619,0.7857142857142857,0.39285714285714285,0.6796536796536796,0.6580086580086579,0.7857142857142857,0.5303030303030303,0.5408163265306123,0.17777777777777778,0.5,0.26229508196721313,0.48780487804878053,0.524390243902439,0.5,0.5487804878048781,"[[45, 37], [8, 8]]",zz_reps1_linear,1,14,8,13956,14532,26.55096466804389,26.04459125001449,0.5125275000173133,0.00468812498729676,0.005076375004136935,"{""fixed_q5_n24_snr_clean_zz_reps1_linear_seed42_test_snr_0dB"": false, ""fixed_q5_n24_snr_clean_zz_reps1_linear_seed42_test_snr_10dB"": false, ""fixed_q5_n24_snr_clean_zz_reps1_linear_seed42_test_snr_20dB"": false, ""fixed_q5_n24_snr_clean_zz_reps1_linear_seed42_test_snr_5dB"": false, ""fixed_q5_n24_snr_clean_zz_reps1_linear_seed42_test_snr_cleandB"": true, ""fixed_q5_n24_snr_clean_zz_reps1_linear_seed42_training"": false, ""fixed_q5_n24_snr_clean_zz_reps1_linear_seed42_validation"": true, ""unregistered"": false}",/Users/srikarreddy/Documents/hackathon/hackathon3/QSky-Mizzou-Quantum-Hackathon/models/quantum_ideal/fixed_qsvc_q5_n24_clean_seed42.joblib,0.0,,[],0.0,1058.0,/Users/srikarreddy/Documents/hackathon/hackathon3/QSky-Mizzou-Quantum-Hackathon/results/quantum/kernels/fixed_q5_n24_snr_clean_zz_reps1_linear_seed42_training.npy,/Users/srikarreddy/Documents/hackathon/hackathon3/QSky-Mizzou-Quantum-Hackathon/results/quantum/kernels/fixed_q5_n24_snr_clean_zz_reps1_linear_seed42_validation.npy,/Users/srikarreddy/Documents/hackathon/hackathon3/QSky-Mizzou-Quantum-Hackathon/results/quantum/kernels/fixed_q5_n24_snr_clean_zz_reps1_linear_seed42_test_snr_cleandB.npy
fixed_qsvc,matched_sample_clean_model_robustness,ideal_statevector_fidelity,5,5,24,24,clean,20,test,6d930e716ad04b90cfec0976b6b155bd0105aefdd2cacd2f769d0fb1cfff78f2,2973665665e08fe9c86d7ac59912610933130a1432d9ff533a90a6d2aae893ec,122fca9c88c1665437c95b09c1dd5c91b36a1c407a12253311ff02d6d842e4f0,0.575,0.2619047619047619,0.7857142857142857,0.39285714285714285,0.6796536796536796,0.6580086580086579,0.7857142857142857,0.5303030303030303,0.5306122448979592,0.1875,0.5625,0.28125,0.5114329268292683,0.5434451219512195,0.5625,0.524390243902439,"[[43, 39], [7, 9]]",zz_reps1_linear,1,14,8,13956,14532,26.55096466804389,26.04459125001449,0.5125275000173133,0.004294415994081646,0.005076375004136935,"{""fixed_q5_n24_snr_clean_zz_reps1_linear_seed42_test_snr_0dB"": false, ""fixed_q5_n24_snr_clean_zz_reps1_linear_seed42_test_snr_10dB"": false, ""fixed_q5_n24_snr_clean_zz_reps1_linear_seed42_test_snr_20dB"": true, ""fixed_q5_n24_snr_clean_zz_reps1_linear_seed42_test_snr_5dB"": false, ""fixed_q5_n24_snr_clean_zz_reps1_linear_seed42_test_snr_cleandB"": true, ""fixed_q5_n24_snr_clean_zz_reps1_linear_seed42_training"": false, ""fixed_q5_n24_snr_clean_zz_reps1_linear_seed42_validation"": true, ""unregistered"": false}",/Users/srikarreddy/Documents/hackathon/hackathon3/QSky-Mizzou-Quantum-Hackathon/models/quantum_ideal/fixed_qsvc_q5_n24_clean_seed42.joblib,0.0,,[],0.0,1058.0,/Users/srikarreddy/Documents/hackathon/hackathon3/QSky-Mizzou-Quantum-Hackathon/results/quantum/kernels/fixed_q5_n24_snr_clean_zz_reps1_linear_seed42_training.npy,/Users/srikarreddy/Documents/hackathon/hackathon3/QSky-Mizzou-Quantum-Hackathon/results/quantum/kernels/fixed_q5_n24_snr_clean_zz_reps1_linear_seed42_validation.npy,/Users/srikarreddy/Documents/hackathon/hackathon3/QSky-Mizzou-Quantum-Hackathon/results/quantum/kernels/fixed_q5_n24_snr_clean_zz_reps1_linear_seed42_test_snr_20dB.npy
fixed_qsvc,matched_sample_clean_model_robustness,ideal_statevector_fidelity,5,5,24,24,clean,10,test,6d930e716ad04b90cfec0976b6b155bd0105aefdd2cacd2f769d0fb1cfff78f2,2973665665e08fe9c86d7ac59912610933130a1432d9ff533a90a6d2aae893ec,122fca9c88c1665437c95b09c1dd5c91b36a1c407a12253311ff02d6d842e4f0,0.575,0.2619047619047619,0.7857142857142857,0.39285714285714285,0.6796536796536796,0.6580086580086579,0.7857142857142857,0.5303030303030303,0.45918367346938777,0.06976744186046512,0.1875,0.1016949152542373,0.3155487804878049,0.34984756097560976,0.1875,0.5121951219512195,"[[42, 40], [13, 3]]",zz_reps1_linear,1,14,8,13956,14532,26.55096466804389,26.04459125001449,0.5125275000173133,0.003947374993003905,0.005076375004136935,"{""fixed_q5_n24_snr_clean_zz_reps1_linear_seed42_test_snr_0dB"": false, ""fixed_q5_n24_snr_clean_zz_reps1_linear_seed42_test_snr_10dB"": true, ""fixed_q5_n24_snr_clean_zz_reps1_linear_seed42_test_snr_20dB"": true, ""fixed_q5_n24_snr_clean_zz_reps1_linear_seed42_test_snr_5dB"": false, ""fixed_q5_n24_snr_clean_zz_reps1_linear_seed42_test_snr_cleandB"": true, ""fixed_q5_n24_snr_clean_zz_reps1_linear_seed42_training"": false, ""fixed_q5_n24_snr_clean_zz_reps1_linear_seed42_validation"": true, ""unregistered"": false}",/Users/srikarreddy/Documents/hackathon/hackathon3/QSky-Mizzou-Quantum-Hackathon/models/quantum_ideal/fixed_qsvc_q5_n24_clean_seed42.joblib,0.0,,[],0.0,1058.0,/Users/srikarreddy/Documents/hackathon/hackathon3/QSky-Mizzou-Quantum-Hackathon/results/quantum/kernels/fixed_q5_n24_snr_clean_zz_reps1_linear_seed42_training.npy,/Users/srikarreddy/Documents/hackathon/hackathon3/QSky-Mizzou-Quantum-Hackathon/results/quantum/kernels/fixed_q5_n24_snr_clean_zz_reps1_linear_seed42_validation.npy,/Users/srikarreddy/Documents/hackathon/hackathon3/QSky-Mizzou-Quantum-Hackathon/results/quantum/kernels/fixed_q5_n24_snr_clean_zz_reps1_linear_seed42_test_snr_10dB.npy
fixed_qsvc,matched_sample_clean_model_robustness,ideal_statevector_fidelity,5,5,24,24,clean,5,test,6d930e716ad04b90cfec0976b6b155bd0105aefdd2cacd2f769d0fb1cfff78f2,2973665665e08fe9c86d7ac59912610933130a1432d9ff533a90a6d2aae893ec,122fca9c88c1665437c95b09c1dd5c91b36a1c407a12253311ff02d6d842e4f0,0.575,0.2619047619047619,0.7857142857142857,0.39285714285714285,0.6796536796536796,0.6580086580086579,0.7857142857142857,0.5303030303030303,0.5204081632653061,0.10256410256410256,0.25,0.14545454545454545,0.3132621951219512,0.4115853658536585,0.25,0.573170731707317,"[[47, 35], [12, 4]]",zz_reps1_linear,1,14,8,13956,14532,26.55096466804389,26.04459125001449,0.5125275000173133,0.003956666012527421,0.005076375004136935,"{""fixed_q5_n24_snr_clean_zz_reps1_linear_seed42_test_snr_0dB"": false, ""fixed_q5_n24_snr_clean_zz_reps1_linear_seed42_test_snr_10dB"": true, ""fixed_q5_n24_snr_clean_zz_reps1_linear_seed42_test_snr_20dB"": true, ""fixed_q5_n24_snr_clean_zz_reps1_linear_seed42_test_snr_5dB"": true, ""fixed_q5_n24_snr_clean_zz_reps1_linear_seed42_test_snr_cleandB"": true, ""fixed_q5_n24_snr_clean_zz_reps1_linear_seed42_training"": false, ""fixed_q5_n24_snr_clean_zz_reps1_linear_seed42_validation"": true, ""unregistered"": false}",/Users/srikarreddy/Documents/hackathon/hackathon3/QSky-Mizzou-Quantum-Hackathon/models/quantum_ideal/fixed_qsvc_q5_n24_clean_seed42.joblib,0.0,,[],0.0,1058.0,/Users/srikarreddy/Documents/hackathon/hackathon3/QSky-Mizzou-Quantum-Hackathon/results/quantum/kernels/fixed_q5_n24_snr_clean_zz_reps1_linear_seed42_training.npy,/Users/srikarreddy/Documents/hackathon/hackathon3/QSky-Mizzou-Quantum-Hackathon/results/quantum/kernels/fixed_q5_n24_snr_clean_zz_reps1_linear_seed42_validation.npy,/Users/srikarreddy/Documents/hackathon/hackathon3/QSky-Mizzou-Quantum-Hackathon/results/quantum/kernels/fixed_q5_n24_snr_clean_zz_reps1_linear_seed42_test_snr_5dB.npy
fixed_qsvc,matched_sample_clean_model_robustness,ideal_statevector_fidelity,5,5,24,24,clean,0,test,6d930e716ad04b90cfec0976b6b155bd0105aefdd2cacd2f769d0fb1cfff78f2,2973665665e08fe9c86d7ac59912610933130a1432d9ff533a90a6d2aae893ec,122fca9c88c1665437c95b09c1dd5c91b36a1c407a12253311ff02d6d842e4f0,0.575,0.2619047619047619,0.7857142857142857,0.39285714285714285,0.6796536796536796,0.6580086580086579,0.7857142857142857,0.5303030303030303,0.4897959183673469,0.16,0.5,0.24242424242424243,0.4832317073170731,0.49390243902439024,0.5,0.4878048780487805,"[[40, 42], [8, 8]]",zz_reps1_linear,1,14,8,13956,14532,26.55096466804389,26.04459125001449,0.5125275000173133,0.003959875000873581,0.005076375004136935,"{""fixed_q5_n24_snr_clean_zz_reps1_linear_seed42_test_snr_0dB"": true, ""fixed_q5_n24_snr_clean_zz_reps1_linear_seed42_test_snr_10dB"": true, ""fixed_q5_n24_snr_clean_zz_reps1_linear_seed42_test_snr_20dB"": true, ""fixed_q5_n24_snr_clean_zz_reps1_linear_seed42_test_snr_5dB"": true, ""fixed_q5_n24_snr_clean_zz_reps1_linear_seed42_test_snr_cleandB"": true, ""fixed_q5_n24_snr_clean_zz_reps1_linear_seed42_training"": false, ""fixed_q5_n24_snr_clean_zz_reps1_linear_seed42_validation"": true, ""unregistered"": false}",/Users/srikarreddy/Documents/hackathon/hackathon3/QSky-Mizzou-Quantum-Hackathon/models/quantum_ideal/fixed_qsvc_q5_n24_clean_seed42.joblib,0.0,,[],0.0,1058.0,/Users/srikarreddy/Documents/hackathon/hackathon3/QSky-Mizzou-Quantum-Hackathon/results/quantum/kernels/fixed_q5_n24_snr_clean_zz_reps1_linear_seed42_training.npy,/Users/srikarreddy/Documents/hackathon/hackathon3/QSky-Mizzou-Quantum-Hackathon/results/quantum/kernels/fixed_q5_n24_snr_clean_zz_reps1_linear_seed42_validation.npy,/Users/srikarreddy/Documents/hackathon/hackathon3/QSky-Mizzou-Quantum-Hackathon/results/quantum/kernels/fixed_q5_n24_snr_clean_zz_reps1_linear_seed42_test_snr_0dB.npy
rbf_svm,matched_sample_clean_model_robustness,classical_cpu,5,0,24,24,clean,clean,test,6d930e716ad04b90cfec0976b6b155bd0105aefdd2cacd2f769d0fb1cfff78f2,2973665665e08fe9c86d7ac59912610933130a1432d9ff533a90a6d2aae893ec,122fca9c88c1665437c95b09c1dd5c91b36a1c407a12253311ff02d6d842e4f0,0.6375,0.2857142857142857,0.7142857142857143,0.40816326530612246,0.7207792207792207,0.6677489177489178,0.7142857142857143,0.6212121212121212,0.7346938775510204,0.375,0.9375,0.5357142857142857,0.8384146341463414,0.8163109756097561,0.9375,0.6951219512195121,"[[57, 25], [1, 15]]",none,0,0,0,0,0,0.0,0.0,0.0005884580023121089,0.003948333003791049,0.0,{},/Users/srikarreddy/Documents/hackathon/hackathon3/QSky-Mizzou-Quantum-Hackathon/models/quantum_ideal/rbf_svm_q5_n24_clean_aggregated_seed42.joblib,0.0,,[],0.0,,,,
rbf_svm,matched_sample_clean_model_robustness,classical_cpu,5,0,24,24,clean,20,test,6d930e716ad04b90cfec0976b6b155bd0105aefdd2cacd2f769d0fb1cfff78f2,2973665665e08fe9c86d7ac59912610933130a1432d9ff533a90a6d2aae893ec,122fca9c88c1665437c95b09c1dd5c91b36a1c407a12253311ff02d6d842e4f0,0.6375,0.2857142857142857,0.7142857142857143,0.40816326530612246,0.7207792207792207,0.6677489177489178,0.7142857142857143,0.6212121212121212,0.7551020408163265,0.3888888888888889,0.875,0.5384615384615384,0.8254573170731708,0.8033536585365854,0.875,0.7317073170731707,"[[60, 22], [2, 14]]",none,0,0,0,0,0,0.0,0.0,0.0005884580023121089,0.0039279169868677855,0.0,{},/Users/srikarreddy/Documents/hackathon/hackathon3/QSky-Mizzou-Quantum-Hackathon/models/quantum_ideal/rbf_svm_q5_n24_clean_aggregated_seed42.joblib,0.0,,[],0.0,,,,
rbf_svm,matched_sample_clean_model_robustness,classical_cpu,5,0,24,24,clean,10,test,6d930e716ad04b90cfec0976b6b155bd0105aefdd2cacd2f769d0fb1cfff78f2,2973665665e08fe9c86d7ac59912610933130a1432d9ff533a90a6d2aae893ec,122fca9c88c1665437c95b09c1dd5c91b36a1c407a12253311ff02d6d842e4f0,0.6375,0.2857142857142857,0.7142857142857143,0.40816326530612246,0.7207792207792207,0.6677489177489178,0.7142857142857143,0.6212121212121212,0.7551020408163265,0.375,0.75,0.5,0.8048780487804879,0.7530487804878049,0.75,0.7560975609756098,"[[62, 20], [4, 12]]",none,0,0,0,0,0,0.0,0.0,0.0005884580023121089,0.00402495899470523,0.0,{},/Users/srikarreddy/Documents/hackathon/hackathon3/QSky-Mizzou-Quantum-Hackathon/models/quantum_ideal/rbf_svm_q5_n24_clean_aggregated_seed42.joblib,0.0,,[],0.0,,,,
rbf_svm,matched_sample_clean_model_robustness,classical_cpu,5,0,24,24,clean,5,test,6d930e716ad04b90cfec0976b6b155bd0105aefdd2cacd2f769d0fb1cfff78f2,2973665665e08fe9c86d7ac59912610933130a1432d9ff533a90a6d2aae893ec,122fca9c88c1665437c95b09c1dd5c91b36a1c407a12253311ff02d6d842e4f0,0.6375,0.2857142857142857,0.7142857142857143,0.40816326530612246,0.7207792207792207,0.6677489177489178,0.7142857142857143,0.6212121212121212,0.7448979591836735,0.3448275862068966,0.625,0.4444444444444444,0.7964939024390245,0.6966463414634146,0.625,0.7682926829268293,"[[63, 19], [6, 10]]",none,0,0,0,0,0,0.0,0.0,0.0005884580023121089,0.004002667003078386,0.0,{},/Users/srikarreddy/Documents/hackathon/hackathon3/QSky-Mizzou-Quantum-Hackathon/models/quantum_ideal/rbf_svm_q5_n24_clean_aggregated_seed42.joblib,0.0,,[],0.0,,,,
rbf_svm,matched_sample_clean_model_robustness,classical_cpu,5,0,24,24,clean,0,test,6d930e716ad04b90cfec0976b6b155bd0105aefdd2cacd2f769d0fb1cfff78f2,2973665665e08fe9c86d7ac59912610933130a1432d9ff533a90a6d2aae893ec,122fca9c88c1665437c95b09c1dd5c91b36a1c407a12253311ff02d6d842e4f0,0.6375,0.2857142857142857,0.7142857142857143,0.40816326530612246,0.7207792207792207,0.6677489177489178,0.7142857142857143,0.6212121212121212,0.7551020408163265,0.3181818181818182,0.4375,0.3684210526315789,0.7896341463414634,0.6272865853658536,0.4375,0.8170731707317073,"[[67, 15], [9, 7]]",none,0,0,0,0,0,0.0,0.0,0.0005884580023121089,0.003947582998080179,0.0,{},/Users/srikarreddy/Documents/hackathon/hackathon3/QSky-Mizzou-Quantum-Hackathon/models/quantum_ideal/rbf_svm_q5_n24_clean_aggregated_seed42.joblib,0.0,,[],0.0,,,,
small_mlp,matched_sample_clean_model_robustness,classical_cpu,5,0,24,24,clean,clean,test,6d930e716ad04b90cfec0976b6b155bd0105aefdd2cacd2f769d0fb1cfff78f2,2973665665e08fe9c86d7ac59912610933130a1432d9ff533a90a6d2aae893ec,122fca9c88c1665437c95b09c1dd5c91b36a1c407a12253311ff02d6d842e4f0,0.2125,0.18181818181818182,1.0,0.3076923076923077,0.4512987012987013,0.5227272727272727,1.0,0.045454545454545456,0.1836734693877551,0.1595744680851064,0.9375,0.2727272727272727,0.354420731707317,0.4870426829268293,0.9375,0.036585365853658534,"[[3, 79], [1, 15]]",none,0,0,0,0,0,0.0,0.0,0.07354008400579914,0.0038693750102538615,0.0,{},/Users/srikarreddy/Documents/hackathon/hackathon3/QSky-Mizzou-Quantum-Hackathon/models/quantum_ideal/small_mlp_q5_n24_clean_aggregated_seed42.joblib,0.0,,[],0.0,,,,
small_mlp,matched_sample_clean_model_robustness,classical_cpu,5,0,24,24,clean,20,test,6d930e716ad04b90cfec0976b6b155bd0105aefdd2cacd2f769d0fb1cfff78f2,2973665665e08fe9c86d7ac59912610933130a1432d9ff533a90a6d2aae893ec,122fca9c88c1665437c95b09c1dd5c91b36a1c407a12253311ff02d6d842e4f0,0.2125,0.18181818181818182,1.0,0.3076923076923077,0.4512987012987013,0.5227272727272727,1.0,0.045454545454545456,0.1836734693877551,0.1595744680851064,0.9375,0.2727272727272727,0.3429878048780487,0.4870426829268293,0.9375,0.036585365853658534,"[[3, 79], [1, 15]]",none,0,0,0,0,0,0.0,0.0,0.07354008400579914,0.003838292002910748,0.0,{},/Users/srikarreddy/Documents/hackathon/hackathon3/QSky-Mizzou-Quantum-Hackathon/models/quantum_ideal/small_mlp_q5_n24_clean_aggregated_seed42.joblib,0.0,,[],0.0,,,,
small_mlp,matched_sample_clean_model_robustness,classical_cpu,5,0,24,24,clean,10,test,6d930e716ad04b90cfec0976b6b155bd0105aefdd2cacd2f769d0fb1cfff78f2,2973665665e08fe9c86d7ac59912610933130a1432d9ff533a90a6d2aae893ec,122fca9c88c1665437c95b09c1dd5c91b36a1c407a12253311ff02d6d842e4f0,0.2125,0.18181818181818182,1.0,0.3076923076923077,0.4512987012987013,0.5227272727272727,1.0,0.045454545454545456,0.17346938775510204,0.15789473684210525,0.9375,0.2702702702702703,0.30640243902439024,0.4809451219512195,0.9375,0.024390243902439025,"[[2, 80], [1, 15]]",none,0,0,0,0,0,0.0,0.0,0.07354008400579914,0.0038050840084906667,0.0,{},/Users/srikarreddy/Documents/hackathon/hackathon3/QSky-Mizzou-Quantum-Hackathon/models/quantum_ideal/small_mlp_q5_n24_clean_aggregated_seed42.joblib,0.0,,[],0.0,,,,
small_mlp,matched_sample_clean_model_robustness,classical_cpu,5,0,24,24,clean,5,test,6d930e716ad04b90cfec0976b6b155bd0105aefdd2cacd2f769d0fb1cfff78f2,2973665665e08fe9c86d7ac59912610933130a1432d9ff533a90a6d2aae893ec,122fca9c88c1665437c95b09c1dd5c91b36a1c407a12253311ff02d6d842e4f0,0.2125,0.18181818181818182,1.0,0.3076923076923077,0.4512987012987013,0.5227272727272727,1.0,0.045454545454545456,0.17346938775510204,0.15789473684210525,0.9375,0.2702702702702703,0.3147865853658537,0.4809451219512195,0.9375,0.024390243902439025,"[[2, 80], [1, 15]]",none,0,0,0,0,0,0.0,0.0,0.07354008400579914,0.0037983340153004974,0.0,{},/Users/srikarreddy/Documents/hackathon/hackathon3/QSky-Mizzou-Quantum-Hackathon/models/quantum_ideal/small_mlp_q5_n24_clean_aggregated_seed42.joblib,0.0,,[],0.0,,,,
small_mlp,matched_sample_clean_model_robustness,classical_cpu,5,0,24,24,clean,0,test,6d930e716ad04b90cfec0976b6b155bd0105aefdd2cacd2f769d0fb1cfff78f2,2973665665e08fe9c86d7ac59912610933130a1432d9ff533a90a6d2aae893ec,122fca9c88c1665437c95b09c1dd5c91b36a1c407a12253311ff02d6d842e4f0,0.2125,0.18181818181818182,1.0,0.3076923076923077,0.4512987012987013,0.5227272727272727,1.0,0.045454545454545456,0.17346938775510204,0.15789473684210525,0.9375,0.2702702702702703,0.31935975609756095,0.4809451219512195,0.9375,0.024390243902439025,"[[2, 80], [1, 15]]",none,0,0,0,0,0,0.0,0.0,0.07354008400579914,0.0038225839962251484,0.0,{},/Users/srikarreddy/Documents/hackathon/hackathon3/QSky-Mizzou-Quantum-Hackathon/models/quantum_ideal/small_mlp_q5_n24_clean_aggregated_seed42.joblib,0.0,,[],0.0,,,,
fixed_qsvc,matched_sample_clean_model_robustness,ideal_statevector_fidelity,5,5,50,50,clean,clean,test,9a07b0b7f852e290ff6715427dae458fd4dded6b97a84e86758e4420e90f7c0c,2973665665e08fe9c86d7ac59912610933130a1432d9ff533a90a6d2aae893ec,122fca9c88c1665437c95b09c1dd5c91b36a1c407a12253311ff02d6d842e4f0,0.5625,0.23076923076923078,0.6428571428571429,0.33962264150943394,0.5844155844155844,0.5941558441558441,0.6428571428571429,0.5454545454545454,0.4387755102040816,0.10204081632653061,0.3125,0.15384615384615385,0.3711890243902439,0.3879573170731707,0.3125,0.4634146341463415,"[[38, 44], [11, 5]]",zz_reps1_linear,1,14,8,29725,32225,57.8824542510265,55.54838175000623,2.3396932920149993,0.004544208000879735,0.0051788339915219694,"{""fixed_q5_n50_snr_clean_zz_reps1_linear_seed42_test_snr_0dB"": false, ""fixed_q5_n50_snr_clean_zz_reps1_linear_seed42_test_snr_10dB"": false, ""fixed_q5_n50_snr_clean_zz_reps1_linear_seed42_test_snr_20dB"": false, ""fixed_q5_n50_snr_clean_zz_reps1_linear_seed42_test_snr_5dB"": false, ""fixed_q5_n50_snr_clean_zz_reps1_linear_seed42_test_snr_cleandB"": true, ""fixed_q5_n50_snr_clean_zz_reps1_linear_seed42_training"": false, ""fixed_q5_n50_snr_clean_zz_reps1_linear_seed42_validation"": true, ""unregistered"": false}",/Users/srikarreddy/Documents/hackathon/hackathon3/QSky-Mizzou-Quantum-Hackathon/models/quantum_ideal/fixed_qsvc_q5_n50_clean_seed42.joblib,0.0,,[],0.0,2426.0,/Users/srikarreddy/Documents/hackathon/hackathon3/QSky-Mizzou-Quantum-Hackathon/results/quantum/kernels/fixed_q5_n50_snr_clean_zz_reps1_linear_seed42_training.npy,/Users/srikarreddy/Documents/hackathon/hackathon3/QSky-Mizzou-Quantum-Hackathon/results/quantum/kernels/fixed_q5_n50_snr_clean_zz_reps1_linear_seed42_validation.npy,/Users/srikarreddy/Documents/hackathon/hackathon3/QSky-Mizzou-Quantum-Hackathon/results/quantum/kernels/fixed_q5_n50_snr_clean_zz_reps1_linear_seed42_test_snr_cleandB.npy
fixed_qsvc,matched_sample_clean_model_robustness,ideal_statevector_fidelity,5,5,50,50,clean,20,test,9a07b0b7f852e290ff6715427dae458fd4dded6b97a84e86758e4420e90f7c0c,2973665665e08fe9c86d7ac59912610933130a1432d9ff533a90a6d2aae893ec,122fca9c88c1665437c95b09c1dd5c91b36a1c407a12253311ff02d6d842e4f0,0.5625,0.23076923076923078,0.6428571428571429,0.33962264150943394,0.5844155844155844,0.5941558441558441,0.6428571428571429,0.5454545454545454,0.46938775510204084,0.1896551724137931,0.6875,0.2972972972972973,0.524390243902439,0.5571646341463414,0.6875,0.4268292682926829,"[[35, 47], [5, 11]]",zz_reps1_linear,1,14,8,29725,32225,57.8824542510265,55.54838175000623,2.3396932920149993,0.004376666998723522,0.0051788339915219694,"{""fixed_q5_n50_snr_clean_zz_reps1_linear_seed42_test_snr_0dB"": false, ""fixed_q5_n50_snr_clean_zz_reps1_linear_seed42_test_snr_10dB"": false, ""fixed_q5_n50_snr_clean_zz_reps1_linear_seed42_test_snr_20dB"": true, ""fixed_q5_n50_snr_clean_zz_reps1_linear_seed42_test_snr_5dB"": false, ""fixed_q5_n50_snr_clean_zz_reps1_linear_seed42_test_snr_cleandB"": true, ""fixed_q5_n50_snr_clean_zz_reps1_linear_seed42_training"": false, ""fixed_q5_n50_snr_clean_zz_reps1_linear_seed42_validation"": true, ""unregistered"": false}",/Users/srikarreddy/Documents/hackathon/hackathon3/QSky-Mizzou-Quantum-Hackathon/models/quantum_ideal/fixed_qsvc_q5_n50_clean_seed42.joblib,0.0,,[],0.0,2426.0,/Users/srikarreddy/Documents/hackathon/hackathon3/QSky-Mizzou-Quantum-Hackathon/results/quantum/kernels/fixed_q5_n50_snr_clean_zz_reps1_linear_seed42_training.npy,/Users/srikarreddy/Documents/hackathon/hackathon3/QSky-Mizzou-Quantum-Hackathon/results/quantum/kernels/fixed_q5_n50_snr_clean_zz_reps1_linear_seed42_validation.npy,/Users/srikarreddy/Documents/hackathon/hackathon3/QSky-Mizzou-Quantum-Hackathon/results/quantum/kernels/fixed_q5_n50_snr_clean_zz_reps1_linear_seed42_test_snr_20dB.npy
fixed_qsvc,matched_sample_clean_model_robustness,ideal_statevector_fidelity,5,5,50,50,clean,10,test,9a07b0b7f852e290ff6715427dae458fd4dded6b97a84e86758e4420e90f7c0c,2973665665e08fe9c86d7ac59912610933130a1432d9ff533a90a6d2aae893ec,122fca9c88c1665437c95b09c1dd5c91b36a1c407a12253311ff02d6d842e4f0,0.5625,0.23076923076923078,0.6428571428571429,0.33962264150943394,0.5844155844155844,0.5941558441558441,0.6428571428571429,0.5454545454545454,0.5102040816326531,0.13636363636363635,0.375,0.2,0.39710365853658536,0.4557926829268293,0.375,0.5365853658536586,"[[44, 38], [10, 6]]",zz_reps1_linear,1,14,8,29725,32225,57.8824542510265,55.54838175000623,2.3396932920149993,0.004400208999868482,0.0051788339915219694,"{""fixed_q5_n50_snr_clean_zz_reps1_linear_seed42_test_snr_0dB"": false, ""fixed_q5_n50_snr_clean_zz_reps1_linear_seed42_test_snr_10dB"": true, ""fixed_q5_n50_snr_clean_zz_reps1_linear_seed42_test_snr_20dB"": true, ""fixed_q5_n50_snr_clean_zz_reps1_linear_seed42_test_snr_5dB"": false, ""fixed_q5_n50_snr_clean_zz_reps1_linear_seed42_test_snr_cleandB"": true, ""fixed_q5_n50_snr_clean_zz_reps1_linear_seed42_training"": false, ""fixed_q5_n50_snr_clean_zz_reps1_linear_seed42_validation"": true, ""unregistered"": false}",/Users/srikarreddy/Documents/hackathon/hackathon3/QSky-Mizzou-Quantum-Hackathon/models/quantum_ideal/fixed_qsvc_q5_n50_clean_seed42.joblib,0.0,,[],0.0,2426.0,/Users/srikarreddy/Documents/hackathon/hackathon3/QSky-Mizzou-Quantum-Hackathon/results/quantum/kernels/fixed_q5_n50_snr_clean_zz_reps1_linear_seed42_training.npy,/Users/srikarreddy/Documents/hackathon/hackathon3/QSky-Mizzou-Quantum-Hackathon/results/quantum/kernels/fixed_q5_n50_snr_clean_zz_reps1_linear_seed42_validation.npy,/Users/srikarreddy/Documents/hackathon/hackathon3/QSky-Mizzou-Quantum-Hackathon/results/quantum/kernels/fixed_q5_n50_snr_clean_zz_reps1_linear_seed42_test_snr_10dB.npy
fixed_qsvc,matched_sample_clean_model_robustness,ideal_statevector_fidelity,5,5,50,50,clean,5,test,9a07b0b7f852e290ff6715427dae458fd4dded6b97a84e86758e4420e90f7c0c,2973665665e08fe9c86d7ac59912610933130a1432d9ff533a90a6d2aae893ec,122fca9c88c1665437c95b09c1dd5c91b36a1c407a12253311ff02d6d842e4f0,0.5625,0.23076923076923078,0.6428571428571429,0.33962264150943394,0.5844155844155844,0.5941558441558441,0.6428571428571429,0.5454545454545454,0.47959183673469385,0.07317073170731707,0.1875,0.10526315789473684,0.333079268292683,0.3620426829268293,0.1875,0.5365853658536586,"[[44, 38], [13, 3]]",zz_reps1_linear,1,14,8,29725,32225,57.8824542510265,55.54838175000623,2.3396932920149993,0.0043565840169321746,0.0051788339915219694,"{""fixed_q5_n50_snr_clean_zz_reps1_linear_seed42_test_snr_0dB"": false, ""fixed_q5_n50_snr_clean_zz_reps1_linear_seed42_test_snr_10dB"": true, ""fixed_q5_n50_snr_clean_zz_reps1_linear_seed42_test_snr_20dB"": true, ""fixed_q5_n50_snr_clean_zz_reps1_linear_seed42_test_snr_5dB"": true, ""fixed_q5_n50_snr_clean_zz_reps1_linear_seed42_test_snr_cleandB"": true, ""fixed_q5_n50_snr_clean_zz_reps1_linear_seed42_training"": false, ""fixed_q5_n50_snr_clean_zz_reps1_linear_seed42_validation"": true, ""unregistered"": false}",/Users/srikarreddy/Documents/hackathon/hackathon3/QSky-Mizzou-Quantum-Hackathon/models/quantum_ideal/fixed_qsvc_q5_n50_clean_seed42.joblib,0.0,,[],0.0,2426.0,/Users/srikarreddy/Documents/hackathon/hackathon3/QSky-Mizzou-Quantum-Hackathon/results/quantum/kernels/fixed_q5_n50_snr_clean_zz_reps1_linear_seed42_training.npy,/Users/srikarreddy/Documents/hackathon/hackathon3/QSky-Mizzou-Quantum-Hackathon/results/quantum/kernels/fixed_q5_n50_snr_clean_zz_reps1_linear_seed42_validation.npy,/Users/srikarreddy/Documents/hackathon/hackathon3/QSky-Mizzou-Quantum-Hackathon/results/quantum/kernels/fixed_q5_n50_snr_clean_zz_reps1_linear_seed42_test_snr_5dB.npy
fixed_qsvc,matched_sample_clean_model_robustness,ideal_statevector_fidelity,5,5,50,50,clean,0,test,9a07b0b7f852e290ff6715427dae458fd4dded6b97a84e86758e4420e90f7c0c,2973665665e08fe9c86d7ac59912610933130a1432d9ff533a90a6d2aae893ec,122fca9c88c1665437c95b09c1dd5c91b36a1c407a12253311ff02d6d842e4f0,0.5625,0.23076923076923078,0.6428571428571429,0.33962264150943394,0.5844155844155844,0.5941558441558441,0.6428571428571429,0.5454545454545454,0.4387755102040816,0.1320754716981132,0.4375,0.2028985507246377,0.41387195121951226,0.4382621951219512,0.4375,0.43902439024390244,"[[36, 46], [9, 7]]",zz_reps1_linear,1,14,8,29725,32225,57.8824542510265,55.54838175000623,2.3396932920149993,0.00399445800576359,0.0051788339915219694,"{""fixed_q5_n50_snr_clean_zz_reps1_linear_seed42_test_snr_0dB"": true, ""fixed_q5_n50_snr_clean_zz_reps1_linear_seed42_test_snr_10dB"": true, ""fixed_q5_n50_snr_clean_zz_reps1_linear_seed42_test_snr_20dB"": true, ""fixed_q5_n50_snr_clean_zz_reps1_linear_seed42_test_snr_5dB"": true, ""fixed_q5_n50_snr_clean_zz_reps1_linear_seed42_test_snr_cleandB"": true, ""fixed_q5_n50_snr_clean_zz_reps1_linear_seed42_training"": false, ""fixed_q5_n50_snr_clean_zz_reps1_linear_seed42_validation"": true, ""unregistered"": false}",/Users/srikarreddy/Documents/hackathon/hackathon3/QSky-Mizzou-Quantum-Hackathon/models/quantum_ideal/fixed_qsvc_q5_n50_clean_seed42.joblib,0.0,,[],0.0,2426.0,/Users/srikarreddy/Documents/hackathon/hackathon3/QSky-Mizzou-Quantum-Hackathon/results/quantum/kernels/fixed_q5_n50_snr_clean_zz_reps1_linear_seed42_training.npy,/Users/srikarreddy/Documents/hackathon/hackathon3/QSky-Mizzou-Quantum-Hackathon/results/quantum/kernels/fixed_q5_n50_snr_clean_zz_reps1_linear_seed42_validation.npy,/Users/srikarreddy/Documents/hackathon/hackathon3/QSky-Mizzou-Quantum-Hackathon/results/quantum/kernels/fixed_q5_n50_snr_clean_zz_reps1_linear_seed42_test_snr_0dB.npy
rbf_svm,matched_sample_clean_model_robustness,classical_cpu,5,0,50,50,clean,clean,test,9a07b0b7f852e290ff6715427dae458fd4dded6b97a84e86758e4420e90f7c0c,2973665665e08fe9c86d7ac59912610933130a1432d9ff533a90a6d2aae893ec,122fca9c88c1665437c95b09c1dd5c91b36a1c407a12253311ff02d6d842e4f0,0.675,0.3,0.6428571428571429,0.4090909090909091,0.6504329004329005,0.6623376623376623,0.6428571428571429,0.6818181818181818,0.7551020408163265,0.375,0.75,0.5,0.788109756097561,0.7530487804878049,0.75,0.7560975609756098,"[[62, 20], [4, 12]]",none,0,0,0,0,0,0.0,0.0,0.0006090000097174197,0.004214959015371278,0.0,{},/Users/srikarreddy/Documents/hackathon/hackathon3/QSky-Mizzou-Quantum-Hackathon/models/quantum_ideal/rbf_svm_q5_n50_clean_aggregated_seed42.joblib,0.0,,[],0.0,,,,
rbf_svm,matched_sample_clean_model_robustness,classical_cpu,5,0,50,50,clean,20,test,9a07b0b7f852e290ff6715427dae458fd4dded6b97a84e86758e4420e90f7c0c,2973665665e08fe9c86d7ac59912610933130a1432d9ff533a90a6d2aae893ec,122fca9c88c1665437c95b09c1dd5c91b36a1c407a12253311ff02d6d842e4f0,0.675,0.3,0.6428571428571429,0.4090909090909091,0.6504329004329005,0.6623376623376623,0.6428571428571429,0.6818181818181818,0.7142857142857143,0.25,0.375,0.3,0.7599085365853658,0.5777439024390244,0.375,0.7804878048780488,"[[64, 18], [10, 6]]",none,0,0,0,0,0,0.0,0.0,0.0006090000097174197,0.004118584009120241,0.0,{},/Users/srikarreddy/Documents/hackathon/hackathon3/QSky-Mizzou-Quantum-Hackathon/models/quantum_ideal/rbf_svm_q5_n50_clean_aggregated_seed42.joblib,0.0,,[],0.0,,,,
rbf_svm,matched_sample_clean_model_robustness,classical_cpu,5,0,50,50,clean,10,test,9a07b0b7f852e290ff6715427dae458fd4dded6b97a84e86758e4420e90f7c0c,2973665665e08fe9c86d7ac59912610933130a1432d9ff533a90a6d2aae893ec,122fca9c88c1665437c95b09c1dd5c91b36a1c407a12253311ff02d6d842e4f0,0.675,0.3,0.6428571428571429,0.4090909090909091,0.6504329004329005,0.6623376623376623,0.6428571428571429,0.6818181818181818,0.7448979591836735,0.2631578947368421,0.3125,0.2857142857142857,0.7263719512195121,0.5708841463414633,0.3125,0.8292682926829268,"[[68, 14], [11, 5]]",none,0,0,0,0,0,0.0,0.0,0.0006090000097174197,0.004124083003262058,0.0,{},/Users/srikarreddy/Documents/hackathon/hackathon3/QSky-Mizzou-Quantum-Hackathon/models/quantum_ideal/rbf_svm_q5_n50_clean_aggregated_seed42.joblib,0.0,,[],0.0,,,,
rbf_svm,matched_sample_clean_model_robustness,classical_cpu,5,0,50,50,clean,5,test,9a07b0b7f852e290ff6715427dae458fd4dded6b97a84e86758e4420e90f7c0c,2973665665e08fe9c86d7ac59912610933130a1432d9ff533a90a6d2aae893ec,122fca9c88c1665437c95b09c1dd5c91b36a1c407a12253311ff02d6d842e4f0,0.675,0.3,0.6428571428571429,0.4090909090909091,0.6504329004329005,0.6623376623376623,0.6428571428571429,0.6818181818181818,0.7448979591836735,0.2631578947368421,0.3125,0.2857142857142857,0.7004573170731707,0.5708841463414633,0.3125,0.8292682926829268,"[[68, 14], [11, 5]]",none,0,0,0,0,0,0.0,0.0,0.0006090000097174197,0.004184874997008592,0.0,{},/Users/srikarreddy/Documents/hackathon/hackathon3/QSky-Mizzou-Quantum-Hackathon/models/quantum_ideal/rbf_svm_q5_n50_clean_aggregated_seed42.joblib,0.0,,[],0.0,,,,
rbf_svm,matched_sample_clean_model_robustness,classical_cpu,5,0,50,50,clean,0,test,9a07b0b7f852e290ff6715427dae458fd4dded6b97a84e86758e4420e90f7c0c,2973665665e08fe9c86d7ac59912610933130a1432d9ff533a90a6d2aae893ec,122fca9c88c1665437c95b09c1dd5c91b36a1c407a12253311ff02d6d842e4f0,0.675,0.3,0.6428571428571429,0.4090909090909091,0.6504329004329005,0.6623376623376623,0.6428571428571429,0.6818181818181818,0.7448979591836735,0.2631578947368421,0.3125,0.2857142857142857,0.6852134146341463,0.5708841463414633,0.3125,0.8292682926829268,"[[68, 14], [11, 5]]",none,0,0,0,0,0,0.0,0.0,0.0006090000097174197,0.004175584006588906,0.0,{},/Users/srikarreddy/Documents/hackathon/hackathon3/QSky-Mizzou-Quantum-Hackathon/models/quantum_ideal/rbf_svm_q5_n50_clean_aggregated_seed42.joblib,0.0,,[],0.0,,,,
small_mlp,matched_sample_clean_model_robustness,classical_cpu,5,0,50,50,clean,clean,test,9a07b0b7f852e290ff6715427dae458fd4dded6b97a84e86758e4420e90f7c0c,2973665665e08fe9c86d7ac59912610933130a1432d9ff533a90a6d2aae893ec,122fca9c88c1665437c95b09c1dd5c91b36a1c407a12253311ff02d6d842e4f0,0.2125,0.18181818181818182,1.0,0.3076923076923077,0.4523809523809524,0.5227272727272727,1.0,0.045454545454545456,0.1836734693877551,0.1595744680851064,0.9375,0.2727272727272727,0.3551829268292683,0.4870426829268293,0.9375,0.036585365853658534,"[[3, 79], [1, 15]]",none,0,0,0,0,0,0.0,0.0,0.07796266599325463,0.003905833000317216,0.0,{},/Users/srikarreddy/Documents/hackathon/hackathon3/QSky-Mizzou-Quantum-Hackathon/models/quantum_ideal/small_mlp_q5_n50_clean_aggregated_seed42.joblib,0.0,,[],0.0,,,,
small_mlp,matched_sample_clean_model_robustness,classical_cpu,5,0,50,50,clean,20,test,9a07b0b7f852e290ff6715427dae458fd4dded6b97a84e86758e4420e90f7c0c,2973665665e08fe9c86d7ac59912610933130a1432d9ff533a90a6d2aae893ec,122fca9c88c1665437c95b09c1dd5c91b36a1c407a12253311ff02d6d842e4f0,0.2125,0.18181818181818182,1.0,0.3076923076923077,0.4523809523809524,0.5227272727272727,1.0,0.045454545454545456,0.1836734693877551,0.1595744680851064,0.9375,0.2727272727272727,0.34375,0.4870426829268293,0.9375,0.036585365853658534,"[[3, 79], [1, 15]]",none,0,0,0,0,0,0.0,0.0,0.07796266599325463,0.003827832988463342,0.0,{},/Users/srikarreddy/Documents/hackathon/hackathon3/QSky-Mizzou-Quantum-Hackathon/models/quantum_ideal/small_mlp_q5_n50_clean_aggregated_seed42.joblib,0.0,,[],0.0,,,,
small_mlp,matched_sample_clean_model_robustness,classical_cpu,5,0,50,50,clean,10,test,9a07b0b7f852e290ff6715427dae458fd4dded6b97a84e86758e4420e90f7c0c,2973665665e08fe9c86d7ac59912610933130a1432d9ff533a90a6d2aae893ec,122fca9c88c1665437c95b09c1dd5c91b36a1c407a12253311ff02d6d842e4f0,0.2125,0.18181818181818182,1.0,0.3076923076923077,0.4523809523809524,0.5227272727272727,1.0,0.045454545454545456,0.17346938775510204,0.15789473684210525,0.9375,0.2702702702702703,0.31097560975609756,0.4809451219512195,0.9375,0.024390243902439025,"[[2, 80], [1, 15]]",none,0,0,0,0,0,0.0,0.0,0.07796266599325463,0.003817583987256512,0.0,{},/Users/srikarreddy/Documents/hackathon/hackathon3/QSky-Mizzou-Quantum-Hackathon/models/quantum_ideal/small_mlp_q5_n50_clean_aggregated_seed42.joblib,0.0,,[],0.0,,,,
small_mlp,matched_sample_clean_model_robustness,classical_cpu,5,0,50,50,clean,5,test,9a07b0b7f852e290ff6715427dae458fd4dded6b97a84e86758e4420e90f7c0c,2973665665e08fe9c86d7ac59912610933130a1432d9ff533a90a6d2aae893ec,122fca9c88c1665437c95b09c1dd5c91b36a1c407a12253311ff02d6d842e4f0,0.2125,0.18181818181818182,1.0,0.3076923076923077,0.4523809523809524,0.5227272727272727,1.0,0.045454545454545456,0.17346938775510204,0.15789473684210525,0.9375,0.2702702702702703,0.31707317073170727,0.4809451219512195,0.9375,0.024390243902439025,"[[2, 80], [1, 15]]",none,0,0,0,0,0,0.0,0.0,0.07796266599325463,0.003827333013759926,0.0,{},/Users/srikarreddy/Documents/hackathon/hackathon3/QSky-Mizzou-Quantum-Hackathon/models/quantum_ideal/small_mlp_q5_n50_clean_aggregated_seed42.joblib,0.0,,[],0.0,,,,
small_mlp,matched_sample_clean_model_robustness,classical_cpu,5,0,50,50,clean,0,test,9a07b0b7f852e290ff6715427dae458fd4dded6b97a84e86758e4420e90f7c0c,2973665665e08fe9c86d7ac59912610933130a1432d9ff533a90a6d2aae893ec,122fca9c88c1665437c95b09c1dd5c91b36a1c407a12253311ff02d6d842e4f0,0.2125,0.18181818181818182,1.0,0.3076923076923077,0.4523809523809524,0.5227272727272727,1.0,0.045454545454545456,0.17346938775510204,0.15789473684210525,0.9375,0.2702702702702703,0.3262195121951219,0.4809451219512195,0.9375,0.024390243902439025,"[[2, 80], [1, 15]]",none,0,0,0,0,0,0.0,0.0,0.07796266599325463,0.003863582998747006,0.0,{},/Users/srikarreddy/Documents/hackathon/hackathon3/QSky-Mizzou-Quantum-Hackathon/models/quantum_ideal/small_mlp_q5_n50_clean_aggregated_seed42.joblib,0.0,,[],0.0,,,,
fixed_qsvc,matched_sample_clean_model_robustness,ideal_statevector_fidelity,5,5,70,70,clean,clean,test,b4738a0e925c1c03ecfd4f680ea9777e823c2b07f03e8a7425378b68bc46d466,2973665665e08fe9c86d7ac59912610933130a1432d9ff533a90a6d2aae893ec,122fca9c88c1665437c95b09c1dd5c91b36a1c407a12253311ff02d6d842e4f0,0.5125,0.23404255319148937,0.7857142857142857,0.36065573770491804,0.6320346320346321,0.6201298701298701,0.7857142857142857,0.45454545454545453,0.37755102040816324,0.13114754098360656,0.5,0.2077922077922078,0.4542682926829268,0.4268292682926829,0.5,0.35365853658536583,"[[29, 53], [8, 8]]",zz_reps1_linear,1,14,8,42315,47215,88.21517287401366,83.53604179201648,4.688667125010397,0.004810874990653247,0.009445125004276633,"{""fixed_q5_n70_snr_clean_zz_reps1_linear_seed42_test_snr_0dB"": false, ""fixed_q5_n70_snr_clean_zz_reps1_linear_seed42_test_snr_10dB"": false, ""fixed_q5_n70_snr_clean_zz_reps1_linear_seed42_test_snr_20dB"": false, ""fixed_q5_n70_snr_clean_zz_reps1_linear_seed42_test_snr_5dB"": false, ""fixed_q5_n70_snr_clean_zz_reps1_linear_seed42_test_snr_cleandB"": true, ""fixed_q5_n70_snr_clean_zz_reps1_linear_seed42_training"": false, ""fixed_q5_n70_snr_clean_zz_reps1_linear_seed42_validation"": true, ""unregistered"": false}",/Users/srikarreddy/Documents/hackathon/hackathon3/QSky-Mizzou-Quantum-Hackathon/models/quantum_ideal/fixed_qsvc_q5_n70_clean_seed42.joblib,0.0,,[],0.0,3654.0,/Users/srikarreddy/Documents/hackathon/hackathon3/QSky-Mizzou-Quantum-Hackathon/results/quantum/kernels/fixed_q5_n70_snr_clean_zz_reps1_linear_seed42_training.npy,/Users/srikarreddy/Documents/hackathon/hackathon3/QSky-Mizzou-Quantum-Hackathon/results/quantum/kernels/fixed_q5_n70_snr_clean_zz_reps1_linear_seed42_validation.npy,/Users/srikarreddy/Documents/hackathon/hackathon3/QSky-Mizzou-Quantum-Hackathon/results/quantum/kernels/fixed_q5_n70_snr_clean_zz_reps1_linear_seed42_test_snr_cleandB.npy
fixed_qsvc,matched_sample_clean_model_robustness,ideal_statevector_fidelity,5,5,70,70,clean,20,test,b4738a0e925c1c03ecfd4f680ea9777e823c2b07f03e8a7425378b68bc46d466,2973665665e08fe9c86d7ac59912610933130a1432d9ff533a90a6d2aae893ec,122fca9c88c1665437c95b09c1dd5c91b36a1c407a12253311ff02d6d842e4f0,0.5125,0.23404255319148937,0.7857142857142857,0.36065573770491804,0.6320346320346321,0.6201298701298701,0.7857142857142857,0.45454545454545453,0.40816326530612246,0.16129032258064516,0.625,0.2564102564102564,0.552591463414634,0.4954268292682927,0.625,0.36585365853658536,"[[30, 52], [6, 10]]",zz_reps1_linear,1,14,8,42315,47215,88.21517287401366,83.53604179201648,4.688667125010397,0.004642874991986901,0.009445125004276633,"{""fixed_q5_n70_snr_clean_zz_reps1_linear_seed42_test_snr_0dB"": false, ""fixed_q5_n70_snr_clean_zz_reps1_linear_seed42_test_snr_10dB"": false, ""fixed_q5_n70_snr_clean_zz_reps1_linear_seed42_test_snr_20dB"": true, ""fixed_q5_n70_snr_clean_zz_reps1_linear_seed42_test_snr_5dB"": false, ""fixed_q5_n70_snr_clean_zz_reps1_linear_seed42_test_snr_cleandB"": true, ""fixed_q5_n70_snr_clean_zz_reps1_linear_seed42_training"": false, ""fixed_q5_n70_snr_clean_zz_reps1_linear_seed42_validation"": true, ""unregistered"": false}",/Users/srikarreddy/Documents/hackathon/hackathon3/QSky-Mizzou-Quantum-Hackathon/models/quantum_ideal/fixed_qsvc_q5_n70_clean_seed42.joblib,0.0,,[],0.0,3654.0,/Users/srikarreddy/Documents/hackathon/hackathon3/QSky-Mizzou-Quantum-Hackathon/results/quantum/kernels/fixed_q5_n70_snr_clean_zz_reps1_linear_seed42_training.npy,/Users/srikarreddy/Documents/hackathon/hackathon3/QSky-Mizzou-Quantum-Hackathon/results/quantum/kernels/fixed_q5_n70_snr_clean_zz_reps1_linear_seed42_validation.npy,/Users/srikarreddy/Documents/hackathon/hackathon3/QSky-Mizzou-Quantum-Hackathon/results/quantum/kernels/fixed_q5_n70_snr_clean_zz_reps1_linear_seed42_test_snr_20dB.npy
fixed_qsvc,matched_sample_clean_model_robustness,ideal_statevector_fidelity,5,5,70,70,clean,10,test,b4738a0e925c1c03ecfd4f680ea9777e823c2b07f03e8a7425378b68bc46d466,2973665665e08fe9c86d7ac59912610933130a1432d9ff533a90a6d2aae893ec,122fca9c88c1665437c95b09c1dd5c91b36a1c407a12253311ff02d6d842e4f0,0.5125,0.23404255319148937,0.7857142857142857,0.36065573770491804,0.6320346320346321,0.6201298701298701,0.7857142857142857,0.45454545454545453,0.3979591836734694,0.09433962264150944,0.3125,0.14492753623188406,0.34908536585365857,0.36356707317073167,0.3125,0.4146341463414634,"[[34, 48], [11, 5]]",zz_reps1_linear,1,14,8,42315,47215,88.21517287401366,83.53604179201648,4.688667125010397,0.004809749982086942,0.009445125004276633,"{""fixed_q5_n70_snr_clean_zz_reps1_linear_seed42_test_snr_0dB"": false, ""fixed_q5_n70_snr_clean_zz_reps1_linear_seed42_test_snr_10dB"": true, ""fixed_q5_n70_snr_clean_zz_reps1_linear_seed42_test_snr_20dB"": true, ""fixed_q5_n70_snr_clean_zz_reps1_linear_seed42_test_snr_5dB"": false, ""fixed_q5_n70_snr_clean_zz_reps1_linear_seed42_test_snr_cleandB"": true, ""fixed_q5_n70_snr_clean_zz_reps1_linear_seed42_training"": false, ""fixed_q5_n70_snr_clean_zz_reps1_linear_seed42_validation"": true, ""unregistered"": false}",/Users/srikarreddy/Documents/hackathon/hackathon3/QSky-Mizzou-Quantum-Hackathon/models/quantum_ideal/fixed_qsvc_q5_n70_clean_seed42.joblib,0.0,,[],0.0,3654.0,/Users/srikarreddy/Documents/hackathon/hackathon3/QSky-Mizzou-Quantum-Hackathon/results/quantum/kernels/fixed_q5_n70_snr_clean_zz_reps1_linear_seed42_training.npy,/Users/srikarreddy/Documents/hackathon/hackathon3/QSky-Mizzou-Quantum-Hackathon/results/quantum/kernels/fixed_q5_n70_snr_clean_zz_reps1_linear_seed42_validation.npy,/Users/srikarreddy/Documents/hackathon/hackathon3/QSky-Mizzou-Quantum-Hackathon/results/quantum/kernels/fixed_q5_n70_snr_clean_zz_reps1_linear_seed42_test_snr_10dB.npy
fixed_qsvc,matched_sample_clean_model_robustness,ideal_statevector_fidelity,5,5,70,70,clean,5,test,b4738a0e925c1c03ecfd4f680ea9777e823c2b07f03e8a7425378b68bc46d466,2973665665e08fe9c86d7ac59912610933130a1432d9ff533a90a6d2aae893ec,122fca9c88c1665437c95b09c1dd5c91b36a1c407a12253311ff02d6d842e4f0,0.5125,0.23404255319148937,0.7857142857142857,0.36065573770491804,0.6320346320346321,0.6201298701298701,0.7857142857142857,0.45454545454545453,0.40816326530612246,0.125,0.4375,0.19444444444444445,0.36509146341463417,0.41996951219512196,0.4375,0.4024390243902439,"[[33, 49], [9, 7]]",zz_reps1_linear,1,14,8,42315,47215,88.21517287401366,83.53604179201648,4.688667125010397,0.004781374998856336,0.009445125004276633,"{""fixed_q5_n70_snr_clean_zz_reps1_linear_seed42_test_snr_0dB"": false, ""fixed_q5_n70_snr_clean_zz_reps1_linear_seed42_test_snr_10dB"": true, ""fixed_q5_n70_snr_clean_zz_reps1_linear_seed42_test_snr_20dB"": true, ""fixed_q5_n70_snr_clean_zz_reps1_linear_seed42_test_snr_5dB"": true, ""fixed_q5_n70_snr_clean_zz_reps1_linear_seed42_test_snr_cleandB"": true, ""fixed_q5_n70_snr_clean_zz_reps1_linear_seed42_training"": false, ""fixed_q5_n70_snr_clean_zz_reps1_linear_seed42_validation"": true, ""unregistered"": false}",/Users/srikarreddy/Documents/hackathon/hackathon3/QSky-Mizzou-Quantum-Hackathon/models/quantum_ideal/fixed_qsvc_q5_n70_clean_seed42.joblib,0.0,,[],0.0,3654.0,/Users/srikarreddy/Documents/hackathon/hackathon3/QSky-Mizzou-Quantum-Hackathon/results/quantum/kernels/fixed_q5_n70_snr_clean_zz_reps1_linear_seed42_training.npy,/Users/srikarreddy/Documents/hackathon/hackathon3/QSky-Mizzou-Quantum-Hackathon/results/quantum/kernels/fixed_q5_n70_snr_clean_zz_reps1_linear_seed42_validation.npy,/Users/srikarreddy/Documents/hackathon/hackathon3/QSky-Mizzou-Quantum-Hackathon/results/quantum/kernels/fixed_q5_n70_snr_clean_zz_reps1_linear_seed42_test_snr_5dB.npy
fixed_qsvc,matched_sample_clean_model_robustness,ideal_statevector_fidelity,5,5,70,70,clean,0,test,b4738a0e925c1c03ecfd4f680ea9777e823c2b07f03e8a7425378b68bc46d466,2973665665e08fe9c86d7ac59912610933130a1432d9ff533a90a6d2aae893ec,122fca9c88c1665437c95b09c1dd5c91b36a1c407a12253311ff02d6d842e4f0,0.5125,0.23404255319148937,0.7857142857142857,0.36065573770491804,0.6320346320346321,0.6201298701298701,0.7857142857142857,0.45454545454545453,0.30612244897959184,0.09375,0.375,0.15,0.3620426829268293,0.33384146341463417,0.375,0.2926829268292683,"[[24, 58], [10, 6]]",zz_reps1_linear,1,14,8,42315,47215,88.21517287401366,83.53604179201648,4.688667125010397,0.003940709022572264,0.009445125004276633,"{""fixed_q5_n70_snr_clean_zz_reps1_linear_seed42_test_snr_0dB"": true, ""fixed_q5_n70_snr_clean_zz_reps1_linear_seed42_test_snr_10dB"": true, ""fixed_q5_n70_snr_clean_zz_reps1_linear_seed42_test_snr_20dB"": true, ""fixed_q5_n70_snr_clean_zz_reps1_linear_seed42_test_snr_5dB"": true, ""fixed_q5_n70_snr_clean_zz_reps1_linear_seed42_test_snr_cleandB"": true, ""fixed_q5_n70_snr_clean_zz_reps1_linear_seed42_training"": false, ""fixed_q5_n70_snr_clean_zz_reps1_linear_seed42_validation"": true, ""unregistered"": false}",/Users/srikarreddy/Documents/hackathon/hackathon3/QSky-Mizzou-Quantum-Hackathon/models/quantum_ideal/fixed_qsvc_q5_n70_clean_seed42.joblib,0.0,,[],0.0,3654.0,/Users/srikarreddy/Documents/hackathon/hackathon3/QSky-Mizzou-Quantum-Hackathon/results/quantum/kernels/fixed_q5_n70_snr_clean_zz_reps1_linear_seed42_training.npy,/Users/srikarreddy/Documents/hackathon/hackathon3/QSky-Mizzou-Quantum-Hackathon/results/quantum/kernels/fixed_q5_n70_snr_clean_zz_reps1_linear_seed42_validation.npy,/Users/srikarreddy/Documents/hackathon/hackathon3/QSky-Mizzou-Quantum-Hackathon/results/quantum/kernels/fixed_q5_n70_snr_clean_zz_reps1_linear_seed42_test_snr_0dB.npy
rbf_svm,matched_sample_clean_model_robustness,classical_cpu,5,0,70,70,clean,clean,test,b4738a0e925c1c03ecfd4f680ea9777e823c2b07f03e8a7425378b68bc46d466,2973665665e08fe9c86d7ac59912610933130a1432d9ff533a90a6d2aae893ec,122fca9c88c1665437c95b09c1dd5c91b36a1c407a12253311ff02d6d842e4f0,0.6,0.23529411764705882,0.5714285714285714,0.3333333333333333,0.6742424242424243,0.5887445887445888,0.5714285714285714,0.6060606060606061,0.6836734693877551,0.3170731707317073,0.8125,0.45614035087719296,0.8071646341463414,0.7355182926829269,0.8125,0.6585365853658537,"[[54, 28], [3, 13]]",none,0,0,0,0,0,0.0,0.0,0.0007372499967459589,0.004218458983814344,0.0,{},/Users/srikarreddy/Documents/hackathon/hackathon3/QSky-Mizzou-Quantum-Hackathon/models/quantum_ideal/rbf_svm_q5_n70_clean_aggregated_seed42.joblib,0.0,,[],0.0,,,,
rbf_svm,matched_sample_clean_model_robustness,classical_cpu,5,0,70,70,clean,20,test,b4738a0e925c1c03ecfd4f680ea9777e823c2b07f03e8a7425378b68bc46d466,2973665665e08fe9c86d7ac59912610933130a1432d9ff533a90a6d2aae893ec,122fca9c88c1665437c95b09c1dd5c91b36a1c407a12253311ff02d6d842e4f0,0.6,0.23529411764705882,0.5714285714285714,0.3333333333333333,0.6742424242424243,0.5887445887445888,0.5714285714285714,0.6060606060606061,0.7346938775510204,0.34375,0.6875,0.4583333333333333,0.7827743902439024,0.7157012195121951,0.6875,0.7439024390243902,"[[61, 21], [5, 11]]",none,0,0,0,0,0,0.0,0.0,0.0007372499967459589,0.004163375007919967,0.0,{},/Users/srikarreddy/Documents/hackathon/hackathon3/QSky-Mizzou-Quantum-Hackathon/models/quantum_ideal/rbf_svm_q5_n70_clean_aggregated_seed42.joblib,0.0,,[],0.0,,,,
rbf_svm,matched_sample_clean_model_robustness,classical_cpu,5,0,70,70,clean,10,test,b4738a0e925c1c03ecfd4f680ea9777e823c2b07f03e8a7425378b68bc46d466,2973665665e08fe9c86d7ac59912610933130a1432d9ff533a90a6d2aae893ec,122fca9c88c1665437c95b09c1dd5c91b36a1c407a12253311ff02d6d842e4f0,0.6,0.23529411764705882,0.5714285714285714,0.3333333333333333,0.6742424242424243,0.5887445887445888,0.5714285714285714,0.6060606060606061,0.7346938775510204,0.2916666666666667,0.4375,0.35,0.7682926829268293,0.6150914634146342,0.4375,0.7926829268292683,"[[65, 17], [9, 7]]",none,0,0,0,0,0,0.0,0.0,0.0007372499967459589,0.0041581669938750565,0.0,{},/Users/srikarreddy/Documents/hackathon/hackathon3/QSky-Mizzou-Quantum-Hackathon/models/quantum_ideal/rbf_svm_q5_n70_clean_aggregated_seed42.joblib,0.0,,[],0.0,,,,
rbf_svm,matched_sample_clean_model_robustness,classical_cpu,5,0,70,70,clean,5,test,b4738a0e925c1c03ecfd4f680ea9777e823c2b07f03e8a7425378b68bc46d466,2973665665e08fe9c86d7ac59912610933130a1432d9ff533a90a6d2aae893ec,122fca9c88c1665437c95b09c1dd5c91b36a1c407a12253311ff02d6d842e4f0,0.6,0.23529411764705882,0.5714285714285714,0.3333333333333333,0.6742424242424243,0.5887445887445888,0.5714285714285714,0.6060606060606061,0.7346938775510204,0.25,0.3125,0.2777777777777778,0.7560975609756098,0.5647865853658536,0.3125,0.8170731707317073,"[[67, 15], [11, 5]]",none,0,0,0,0,0,0.0,0.0,0.0007372499967459589,0.004122082988033071,0.0,{},/Users/srikarreddy/Documents/hackathon/hackathon3/QSky-Mizzou-Quantum-Hackathon/models/quantum_ideal/rbf_svm_q5_n70_clean_aggregated_seed42.joblib,0.0,,[],0.0,,,,
rbf_svm,matched_sample_clean_model_robustness,classical_cpu,5,0,70,70,clean,0,test,b4738a0e925c1c03ecfd4f680ea9777e823c2b07f03e8a7425378b68bc46d466,2973665665e08fe9c86d7ac59912610933130a1432d9ff533a90a6d2aae893ec,122fca9c88c1665437c95b09c1dd5c91b36a1c407a12253311ff02d6d842e4f0,0.6,0.23529411764705882,0.5714285714285714,0.3333333333333333,0.6742424242424243,0.5887445887445888,0.5714285714285714,0.6060606060606061,0.7346938775510204,0.25,0.3125,0.2777777777777778,0.7408536585365854,0.5647865853658536,0.3125,0.8170731707317073,"[[67, 15], [11, 5]]",none,0,0,0,0,0,0.0,0.0,0.0007372499967459589,0.004147041996475309,0.0,{},/Users/srikarreddy/Documents/hackathon/hackathon3/QSky-Mizzou-Quantum-Hackathon/models/quantum_ideal/rbf_svm_q5_n70_clean_aggregated_seed42.joblib,0.0,,[],0.0,,,,
small_mlp,matched_sample_clean_model_robustness,classical_cpu,5,0,70,70,clean,clean,test,b4738a0e925c1c03ecfd4f680ea9777e823c2b07f03e8a7425378b68bc46d466,2973665665e08fe9c86d7ac59912610933130a1432d9ff533a90a6d2aae893ec,122fca9c88c1665437c95b09c1dd5c91b36a1c407a12253311ff02d6d842e4f0,0.525,0.2692307692307692,1.0,0.42424242424242425,0.658008658008658,0.7121212121212122,1.0,0.42424242424242425,0.6224489795918368,0.29411764705882354,0.9375,0.44776119402985076,0.7736280487804879,0.7492378048780488,0.9375,0.5609756097560976,"[[46, 36], [1, 15]]",none,0,0,0,0,0,0.0,0.0,0.16909262500121258,0.0037553329893853515,0.0,{},/Users/srikarreddy/Documents/hackathon/hackathon3/QSky-Mizzou-Quantum-Hackathon/models/quantum_ideal/small_mlp_q5_n70_clean_aggregated_seed42.joblib,0.0,,[],0.0,,,,
small_mlp,matched_sample_clean_model_robustness,classical_cpu,5,0,70,70,clean,20,test,b4738a0e925c1c03ecfd4f680ea9777e823c2b07f03e8a7425378b68bc46d466,2973665665e08fe9c86d7ac59912610933130a1432d9ff533a90a6d2aae893ec,122fca9c88c1665437c95b09c1dd5c91b36a1c407a12253311ff02d6d842e4f0,0.525,0.2692307692307692,1.0,0.42424242424242425,0.658008658008658,0.7121212121212122,1.0,0.42424242424242425,0.6224489795918368,0.29411764705882354,0.9375,0.44776119402985076,0.7842987804878049,0.7492378048780488,0.9375,0.5609756097560976,"[[46, 36], [1, 15]]",none,0,0,0,0,0,0.0,0.0,0.16909262500121258,0.003710417018737644,0.0,{},/Users/srikarreddy/Documents/hackathon/hackathon3/QSky-Mizzou-Quantum-Hackathon/models/quantum_ideal/small_mlp_q5_n70_clean_aggregated_seed42.joblib,0.0,,[],0.0,,,,
small_mlp,matched_sample_clean_model_robustness,classical_cpu,5,0,70,70,clean,10,test,b4738a0e925c1c03ecfd4f680ea9777e823c2b07f03e8a7425378b68bc46d466,2973665665e08fe9c86d7ac59912610933130a1432d9ff533a90a6d2aae893ec,122fca9c88c1665437c95b09c1dd5c91b36a1c407a12253311ff02d6d842e4f0,0.525,0.2692307692307692,1.0,0.42424242424242425,0.658008658008658,0.7121212121212122,1.0,0.42424242424242425,0.6122448979591837,0.28,0.875,0.42424242424242425,0.7728658536585366,0.7179878048780488,0.875,0.5609756097560976,"[[46, 36], [2, 14]]",none,0,0,0,0,0,0.0,0.0,0.16909262500121258,0.003749875002540648,0.0,{},/Users/srikarreddy/Documents/hackathon/hackathon3/QSky-Mizzou-Quantum-Hackathon/models/quantum_ideal/small_mlp_q5_n70_clean_aggregated_seed42.joblib,0.0,,[],0.0,,,,
small_mlp,matched_sample_clean_model_robustness,classical_cpu,5,0,70,70,clean,5,test,b4738a0e925c1c03ecfd4f680ea9777e823c2b07f03e8a7425378b68bc46d466,2973665665e08fe9c86d7ac59912610933130a1432d9ff533a90a6d2aae893ec,122fca9c88c1665437c95b09c1dd5c91b36a1c407a12253311ff02d6d842e4f0,0.525,0.2692307692307692,1.0,0.42424242424242425,0.658008658008658,0.7121212121212122,1.0,0.42424242424242425,0.6122448979591837,0.28,0.875,0.42424242424242425,0.7721036585365855,0.7179878048780488,0.875,0.5609756097560976,"[[46, 36], [2, 14]]",none,0,0,0,0,0,0.0,0.0,0.16909262500121258,0.003725499991560355,0.0,{},/Users/srikarreddy/Documents/hackathon/hackathon3/QSky-Mizzou-Quantum-Hackathon/models/quantum_ideal/small_mlp_q5_n70_clean_aggregated_seed42.joblib,0.0,,[],0.0,,,,
small_mlp,matched_sample_clean_model_robustness,classical_cpu,5,0,70,70,clean,0,test,b4738a0e925c1c03ecfd4f680ea9777e823c2b07f03e8a7425378b68bc46d466,2973665665e08fe9c86d7ac59912610933130a1432d9ff533a90a6d2aae893ec,122fca9c88c1665437c95b09c1dd5c91b36a1c407a12253311ff02d6d842e4f0,0.525,0.2692307692307692,1.0,0.42424242424242425,0.658008658008658,0.7121212121212122,1.0,0.42424242424242425,0.6224489795918368,0.3018867924528302,1.0,0.463768115942029,0.7896341463414634,0.774390243902439,1.0,0.5487804878048781,"[[45, 37], [0, 16]]",none,0,0,0,0,0,0.0,0.0,0.16909262500121258,0.003727041999809444,0.0,{},/Users/srikarreddy/Documents/hackathon/hackathon3/QSky-Mizzou-Quantum-Hackathon/models/quantum_ideal/small_mlp_q5_n70_clean_aggregated_seed42.joblib,0.0,,[],0.0,,,,
fixed_qsvc,matched_sample_clean_model_robustness,ideal_statevector_fidelity,6,6,24,24,clean,clean,test,6d930e716ad04b90cfec0976b6b155bd0105aefdd2cacd2f769d0fb1cfff78f2,2973665665e08fe9c86d7ac59912610933130a1432d9ff533a90a6d2aae893ec,122fca9c88c1665437c95b09c1dd5c91b36a1c407a12253311ff02d6d842e4f0,0.6625,0.3142857142857143,0.7857142857142857,0.4489795918367347,0.7207792207792207,0.711038961038961,0.7857142857142857,0.6363636363636364,0.4387755102040816,0.14545454545454545,0.5,0.22535211267605634,0.46189024390243905,0.46341463414634143,0.5,0.4268292682926829,"[[35, 47], [8, 8]]",zz_reps1_linear,1,17,10,13956,14532,69.96041216800222,69.12677587501821,0.8431584579811897,0.005575749994022772,0.00720575000741519,"{""fixed_q6_n24_snr_clean_zz_reps1_linear_seed42_test_snr_0dB"": false, ""fixed_q6_n24_snr_clean_zz_reps1_linear_seed42_test_snr_10dB"": false, ""fixed_q6_n24_snr_clean_zz_reps1_linear_seed42_test_snr_20dB"": false, ""fixed_q6_n24_snr_clean_zz_reps1_linear_seed42_test_snr_5dB"": false, ""fixed_q6_n24_snr_clean_zz_reps1_linear_seed42_test_snr_cleandB"": true, ""fixed_q6_n24_snr_clean_zz_reps1_linear_seed42_training"": false, ""fixed_q6_n24_snr_clean_zz_reps1_linear_seed42_validation"": true, ""unregistered"": false}",/Users/srikarreddy/Documents/hackathon/hackathon3/QSky-Mizzou-Quantum-Hackathon/models/quantum_ideal/fixed_qsvc_q6_n24_clean_seed42.joblib,0.0,,[],0.0,1058.0,/Users/srikarreddy/Documents/hackathon/hackathon3/QSky-Mizzou-Quantum-Hackathon/results/quantum/kernels/fixed_q6_n24_snr_clean_zz_reps1_linear_seed42_training.npy,/Users/srikarreddy/Documents/hackathon/hackathon3/QSky-Mizzou-Quantum-Hackathon/results/quantum/kernels/fixed_q6_n24_snr_clean_zz_reps1_linear_seed42_validation.npy,/Users/srikarreddy/Documents/hackathon/hackathon3/QSky-Mizzou-Quantum-Hackathon/results/quantum/kernels/fixed_q6_n24_snr_clean_zz_reps1_linear_seed42_test_snr_cleandB.npy
fixed_qsvc,matched_sample_clean_model_robustness,ideal_statevector_fidelity,6,6,24,24,clean,20,test,6d930e716ad04b90cfec0976b6b155bd0105aefdd2cacd2f769d0fb1cfff78f2,2973665665e08fe9c86d7ac59912610933130a1432d9ff533a90a6d2aae893ec,122fca9c88c1665437c95b09c1dd5c91b36a1c407a12253311ff02d6d842e4f0,0.6625,0.3142857142857143,0.7857142857142857,0.4489795918367347,0.7207792207792207,0.711038961038961,0.7857142857142857,0.6363636363636364,0.46938775510204084,0.14,0.4375,0.21212121212121213,0.46341463414634143,0.4565548780487805,0.4375,0.47560975609756095,"[[39, 43], [9, 7]]",zz_reps1_linear,1,17,10,13956,14532,69.96041216800222,69.12677587501821,0.8431584579811897,0.005730333999963477,0.00720575000741519,"{""fixed_q6_n24_snr_clean_zz_reps1_linear_seed42_test_snr_0dB"": false, ""fixed_q6_n24_snr_clean_zz_reps1_linear_seed42_test_snr_10dB"": false, ""fixed_q6_n24_snr_clean_zz_reps1_linear_seed42_test_snr_20dB"": true, ""fixed_q6_n24_snr_clean_zz_reps1_linear_seed42_test_snr_5dB"": false, ""fixed_q6_n24_snr_clean_zz_reps1_linear_seed42_test_snr_cleandB"": true, ""fixed_q6_n24_snr_clean_zz_reps1_linear_seed42_training"": false, ""fixed_q6_n24_snr_clean_zz_reps1_linear_seed42_validation"": true, ""unregistered"": false}",/Users/srikarreddy/Documents/hackathon/hackathon3/QSky-Mizzou-Quantum-Hackathon/models/quantum_ideal/fixed_qsvc_q6_n24_clean_seed42.joblib,0.0,,[],0.0,1058.0,/Users/srikarreddy/Documents/hackathon/hackathon3/QSky-Mizzou-Quantum-Hackathon/results/quantum/kernels/fixed_q6_n24_snr_clean_zz_reps1_linear_seed42_training.npy,/Users/srikarreddy/Documents/hackathon/hackathon3/QSky-Mizzou-Quantum-Hackathon/results/quantum/kernels/fixed_q6_n24_snr_clean_zz_reps1_linear_seed42_validation.npy,/Users/srikarreddy/Documents/hackathon/hackathon3/QSky-Mizzou-Quantum-Hackathon/results/quantum/kernels/fixed_q6_n24_snr_clean_zz_reps1_linear_seed42_test_snr_20dB.npy
fixed_qsvc,matched_sample_clean_model_robustness,ideal_statevector_fidelity,6,6,24,24,clean,10,test,6d930e716ad04b90cfec0976b6b155bd0105aefdd2cacd2f769d0fb1cfff78f2,2973665665e08fe9c86d7ac59912610933130a1432d9ff533a90a6d2aae893ec,122fca9c88c1665437c95b09c1dd5c91b36a1c407a12253311ff02d6d842e4f0,0.6625,0.3142857142857143,0.7857142857142857,0.4489795918367347,0.7207792207792207,0.711038961038961,0.7857142857142857,0.6363636363636364,0.5306122448979592,0.17391304347826086,0.5,0.25806451612903225,0.4176829268292683,0.5182926829268293,0.5,0.5365853658536586,"[[44, 38], [8, 8]]",zz_reps1_linear,1,17,10,13956,14532,69.96041216800222,69.12677587501821,0.8431584579811897,0.004899708001175895,0.00720575000741519,"{""fixed_q6_n24_snr_clean_zz_reps1_linear_seed42_test_snr_0dB"": false, ""fixed_q6_n24_snr_clean_zz_reps1_linear_seed42_test_snr_10dB"": true, ""fixed_q6_n24_snr_clean_zz_reps1_linear_seed42_test_snr_20dB"": true, ""fixed_q6_n24_snr_clean_zz_reps1_linear_seed42_test_snr_5dB"": false, ""fixed_q6_n24_snr_clean_zz_reps1_linear_seed42_test_snr_cleandB"": true, ""fixed_q6_n24_snr_clean_zz_reps1_linear_seed42_training"": false, ""fixed_q6_n24_snr_clean_zz_reps1_linear_seed42_validation"": true, ""unregistered"": false}",/Users/srikarreddy/Documents/hackathon/hackathon3/QSky-Mizzou-Quantum-Hackathon/models/quantum_ideal/fixed_qsvc_q6_n24_clean_seed42.joblib,0.0,,[],0.0,1058.0,/Users/srikarreddy/Documents/hackathon/hackathon3/QSky-Mizzou-Quantum-Hackathon/results/quantum/kernels/fixed_q6_n24_snr_clean_zz_reps1_linear_seed42_training.npy,/Users/srikarreddy/Documents/hackathon/hackathon3/QSky-Mizzou-Quantum-Hackathon/results/quantum/kernels/fixed_q6_n24_snr_clean_zz_reps1_linear_seed42_validation.npy,/Users/srikarreddy/Documents/hackathon/hackathon3/QSky-Mizzou-Quantum-Hackathon/results/quantum/kernels/fixed_q6_n24_snr_clean_zz_reps1_linear_seed42_test_snr_10dB.npy
fixed_qsvc,matched_sample_clean_model_robustness,ideal_statevector_fidelity,6,6,24,24,clean,5,test,6d930e716ad04b90cfec0976b6b155bd0105aefdd2cacd2f769d0fb1cfff78f2,2973665665e08fe9c86d7ac59912610933130a1432d9ff533a90a6d2aae893ec,122fca9c88c1665437c95b09c1dd5c91b36a1c407a12253311ff02d6d842e4f0,0.6625,0.3142857142857143,0.7857142857142857,0.4489795918367347,0.7207792207792207,0.711038961038961,0.7857142857142857,0.6363636363636364,0.5204081632653061,0.1702127659574468,0.5,0.25396825396825395,0.47027439024390244,0.5121951219512195,0.5,0.524390243902439,"[[43, 39], [8, 8]]",zz_reps1_linear,1,17,10,13956,14532,69.96041216800222,69.12677587501821,0.8431584579811897,0.004891082993708551,0.00720575000741519,"{""fixed_q6_n24_snr_clean_zz_reps1_linear_seed42_test_snr_0dB"": false, ""fixed_q6_n24_snr_clean_zz_reps1_linear_seed42_test_snr_10dB"": true, ""fixed_q6_n24_snr_clean_zz_reps1_linear_seed42_test_snr_20dB"": true, ""fixed_q6_n24_snr_clean_zz_reps1_linear_seed42_test_snr_5dB"": true, ""fixed_q6_n24_snr_clean_zz_reps1_linear_seed42_test_snr_cleandB"": true, ""fixed_q6_n24_snr_clean_zz_reps1_linear_seed42_training"": false, ""fixed_q6_n24_snr_clean_zz_reps1_linear_seed42_validation"": true, ""unregistered"": false}",/Users/srikarreddy/Documents/hackathon/hackathon3/QSky-Mizzou-Quantum-Hackathon/models/quantum_ideal/fixed_qsvc_q6_n24_clean_seed42.joblib,0.0,,[],0.0,1058.0,/Users/srikarreddy/Documents/hackathon/hackathon3/QSky-Mizzou-Quantum-Hackathon/results/quantum/kernels/fixed_q6_n24_snr_clean_zz_reps1_linear_seed42_training.npy,/Users/srikarreddy/Documents/hackathon/hackathon3/QSky-Mizzou-Quantum-Hackathon/results/quantum/kernels/fixed_q6_n24_snr_clean_zz_reps1_linear_seed42_validation.npy,/Users/srikarreddy/Documents/hackathon/hackathon3/QSky-Mizzou-Quantum-Hackathon/results/quantum/kernels/fixed_q6_n24_snr_clean_zz_reps1_linear_seed42_test_snr_5dB.npy
fixed_qsvc,matched_sample_clean_model_robustness,ideal_statevector_fidelity,6,6,24,24,clean,0,test,6d930e716ad04b90cfec0976b6b155bd0105aefdd2cacd2f769d0fb1cfff78f2,2973665665e08fe9c86d7ac59912610933130a1432d9ff533a90a6d2aae893ec,122fca9c88c1665437c95b09c1dd5c91b36a1c407a12253311ff02d6d842e4f0,0.6625,0.3142857142857143,0.7857142857142857,0.4489795918367347,0.7207792207792207,0.711038961038961,0.7857142857142857,0.6363636363636364,0.47959183673469385,0.18181818181818182,0.625,0.28169014084507044,0.5335365853658537,0.538109756097561,0.625,0.45121951219512196,"[[37, 45], [6, 10]]",zz_reps1_linear,1,17,10,13956,14532,69.96041216800222,69.12677587501821,0.8431584579811897,0.004025208996608853,0.00720575000741519,"{""fixed_q6_n24_snr_clean_zz_reps1_linear_seed42_test_snr_0dB"": true, ""fixed_q6_n24_snr_clean_zz_reps1_linear_seed42_test_snr_10dB"": true, ""fixed_q6_n24_snr_clean_zz_reps1_linear_seed42_test_snr_20dB"": true, ""fixed_q6_n24_snr_clean_zz_reps1_linear_seed42_test_snr_5dB"": true, ""fixed_q6_n24_snr_clean_zz_reps1_linear_seed42_test_snr_cleandB"": true, ""fixed_q6_n24_snr_clean_zz_reps1_linear_seed42_training"": false, ""fixed_q6_n24_snr_clean_zz_reps1_linear_seed42_validation"": true, ""unregistered"": false}",/Users/srikarreddy/Documents/hackathon/hackathon3/QSky-Mizzou-Quantum-Hackathon/models/quantum_ideal/fixed_qsvc_q6_n24_clean_seed42.joblib,0.0,,[],0.0,1058.0,/Users/srikarreddy/Documents/hackathon/hackathon3/QSky-Mizzou-Quantum-Hackathon/results/quantum/kernels/fixed_q6_n24_snr_clean_zz_reps1_linear_seed42_training.npy,/Users/srikarreddy/Documents/hackathon/hackathon3/QSky-Mizzou-Quantum-Hackathon/results/quantum/kernels/fixed_q6_n24_snr_clean_zz_reps1_linear_seed42_validation.npy,/Users/srikarreddy/Documents/hackathon/hackathon3/QSky-Mizzou-Quantum-Hackathon/results/quantum/kernels/fixed_q6_n24_snr_clean_zz_reps1_linear_seed42_test_snr_0dB.npy
rbf_svm,matched_sample_clean_model_robustness,classical_cpu,6,0,24,24,clean,clean,test,6d930e716ad04b90cfec0976b6b155bd0105aefdd2cacd2f769d0fb1cfff78f2,2973665665e08fe9c86d7ac59912610933130a1432d9ff533a90a6d2aae893ec,122fca9c88c1665437c95b09c1dd5c91b36a1c407a12253311ff02d6d842e4f0,0.675,0.3125,0.7142857142857143,0.43478260869565216,0.6948051948051948,0.6904761904761905,0.7142857142857143,0.6666666666666666,0.7244897959183674,0.36585365853658536,0.9375,0.5263157894736842,0.823170731707317,0.8102134146341464,0.9375,0.6829268292682927,"[[56, 26], [1, 15]]",none,0,0,0,0,0,0.0,0.0,0.000600875006057322,0.007150124991312623,0.0,{},/Users/srikarreddy/Documents/hackathon/hackathon3/QSky-Mizzou-Quantum-Hackathon/models/quantum_ideal/rbf_svm_q6_n24_clean_aggregated_seed42.joblib,0.0,,[],0.0,,,,
rbf_svm,matched_sample_clean_model_robustness,classical_cpu,6,0,24,24,clean,20,test,6d930e716ad04b90cfec0976b6b155bd0105aefdd2cacd2f769d0fb1cfff78f2,2973665665e08fe9c86d7ac59912610933130a1432d9ff533a90a6d2aae893ec,122fca9c88c1665437c95b09c1dd5c91b36a1c407a12253311ff02d6d842e4f0,0.675,0.3125,0.7142857142857143,0.43478260869565216,0.6948051948051948,0.6904761904761905,0.7142857142857143,0.6666666666666666,0.7448979591836735,0.3783783783783784,0.875,0.5283018867924528,0.8025914634146342,0.7972560975609756,0.875,0.7195121951219512,"[[59, 23], [2, 14]]",none,0,0,0,0,0,0.0,0.0,0.000600875006057322,0.005056833993876353,0.0,{},/Users/srikarreddy/Documents/hackathon/hackathon3/QSky-Mizzou-Quantum-Hackathon/models/quantum_ideal/rbf_svm_q6_n24_clean_aggregated_seed42.joblib,0.0,,[],0.0,,,,
rbf_svm,matched_sample_clean_model_robustness,classical_cpu,6,0,24,24,clean,10,test,6d930e716ad04b90cfec0976b6b155bd0105aefdd2cacd2f769d0fb1cfff78f2,2973665665e08fe9c86d7ac59912610933130a1432d9ff533a90a6d2aae893ec,122fca9c88c1665437c95b09c1dd5c91b36a1c407a12253311ff02d6d842e4f0,0.675,0.3125,0.7142857142857143,0.43478260869565216,0.6948051948051948,0.6904761904761905,0.7142857142857143,0.6666666666666666,0.7142857142857143,0.3,0.5625,0.391304347826087,0.7759146341463414,0.6532012195121951,0.5625,0.7439024390243902,"[[61, 21], [7, 9]]",none,0,0,0,0,0,0.0,0.0,0.000600875006057322,0.00592575001064688,0.0,{},/Users/srikarreddy/Documents/hackathon/hackathon3/QSky-Mizzou-Quantum-Hackathon/models/quantum_ideal/rbf_svm_q6_n24_clean_aggregated_seed42.joblib,0.0,,[],0.0,,,,
rbf_svm,matched_sample_clean_model_robustness,classical_cpu,6,0,24,24,clean,5,test,6d930e716ad04b90cfec0976b6b155bd0105aefdd2cacd2f769d0fb1cfff78f2,2973665665e08fe9c86d7ac59912610933130a1432d9ff533a90a6d2aae893ec,122fca9c88c1665437c95b09c1dd5c91b36a1c407a12253311ff02d6d842e4f0,0.675,0.3125,0.7142857142857143,0.43478260869565216,0.6948051948051948,0.6904761904761905,0.7142857142857143,0.6666666666666666,0.7448979591836735,0.2857142857142857,0.375,0.32432432432432434,0.7721036585365854,0.5960365853658536,0.375,0.8170731707317073,"[[67, 15], [10, 6]]",none,0,0,0,0,0,0.0,0.0,0.000600875006057322,0.00602704199263826,0.0,{},/Users/srikarreddy/Documents/hackathon/hackathon3/QSky-Mizzou-Quantum-Hackathon/models/quantum_ideal/rbf_svm_q6_n24_clean_aggregated_seed42.joblib,0.0,,[],0.0,,,,
rbf_svm,matched_sample_clean_model_robustness,classical_cpu,6,0,24,24,clean,0,test,6d930e716ad04b90cfec0976b6b155bd0105aefdd2cacd2f769d0fb1cfff78f2,2973665665e08fe9c86d7ac59912610933130a1432d9ff533a90a6d2aae893ec,122fca9c88c1665437c95b09c1dd5c91b36a1c407a12253311ff02d6d842e4f0,0.675,0.3125,0.7142857142857143,0.43478260869565216,0.6948051948051948,0.6904761904761905,0.7142857142857143,0.6666666666666666,0.7448979591836735,0.2631578947368421,0.3125,0.2857142857142857,0.7682926829268293,0.5708841463414633,0.3125,0.8292682926829268,"[[68, 14], [11, 5]]",none,0,0,0,0,0,0.0,0.0,0.000600875006057322,0.004921500018099323,0.0,{},/Users/srikarreddy/Documents/hackathon/hackathon3/QSky-Mizzou-Quantum-Hackathon/models/quantum_ideal/rbf_svm_q6_n24_clean_aggregated_seed42.joblib,0.0,,[],0.0,,,,
small_mlp,matched_sample_clean_model_robustness,classical_cpu,6,0,24,24,clean,clean,test,6d930e716ad04b90cfec0976b6b155bd0105aefdd2cacd2f769d0fb1cfff78f2,2973665665e08fe9c86d7ac59912610933130a1432d9ff533a90a6d2aae893ec,122fca9c88c1665437c95b09c1dd5c91b36a1c407a12253311ff02d6d842e4f0,0.3,0.19117647058823528,0.9285714285714286,0.3170731707317073,0.36796536796536794,0.5476190476190477,0.9285714285714286,0.16666666666666666,0.23469387755102042,0.16853932584269662,0.9375,0.2857142857142857,0.41615853658536583,0.5175304878048781,0.9375,0.0975609756097561,"[[8, 74], [1, 15]]",none,0,0,0,0,0,0.0,0.0,0.6655054589791689,0.005193416989641264,0.0,{},/Users/srikarreddy/Documents/hackathon/hackathon3/QSky-Mizzou-Quantum-Hackathon/models/quantum_ideal/small_mlp_q6_n24_clean_aggregated_seed42.joblib,0.0,,[],0.0,,,,
small_mlp,matched_sample_clean_model_robustness,classical_cpu,6,0,24,24,clean,20,test,6d930e716ad04b90cfec0976b6b155bd0105aefdd2cacd2f769d0fb1cfff78f2,2973665665e08fe9c86d7ac59912610933130a1432d9ff533a90a6d2aae893ec,122fca9c88c1665437c95b09c1dd5c91b36a1c407a12253311ff02d6d842e4f0,0.3,0.19117647058823528,0.9285714285714286,0.3170731707317073,0.36796536796536794,0.5476190476190477,0.9285714285714286,0.16666666666666666,0.19387755102040816,0.16842105263157894,1.0,0.2882882882882883,0.4847560975609756,0.5182926829268293,1.0,0.036585365853658534,"[[3, 79], [0, 16]]",none,0,0,0,0,0,0.0,0.0,0.6655054589791689,0.004081084014615044,0.0,{},/Users/srikarreddy/Documents/hackathon/hackathon3/QSky-Mizzou-Quantum-Hackathon/models/quantum_ideal/small_mlp_q6_n24_clean_aggregated_seed42.joblib,0.0,,[],0.0,,,,
small_mlp,matched_sample_clean_model_robustness,classical_cpu,6,0,24,24,clean,10,test,6d930e716ad04b90cfec0976b6b155bd0105aefdd2cacd2f769d0fb1cfff78f2,2973665665e08fe9c86d7ac59912610933130a1432d9ff533a90a6d2aae893ec,122fca9c88c1665437c95b09c1dd5c91b36a1c407a12253311ff02d6d842e4f0,0.3,0.19117647058823528,0.9285714285714286,0.3170731707317073,0.36796536796536794,0.5476190476190477,0.9285714285714286,0.16666666666666666,0.16326530612244897,0.16326530612244897,1.0,0.2807017543859649,0.5495426829268293,0.5,1.0,0.0,"[[0, 82], [0, 16]]",none,0,0,0,0,0,0.0,0.0,0.6655054589791689,0.0038297499995678663,0.0,{},/Users/srikarreddy/Documents/hackathon/hackathon3/QSky-Mizzou-Quantum-Hackathon/models/quantum_ideal/small_mlp_q6_n24_clean_aggregated_seed42.joblib,0.0,,[],0.0,,,,
small_mlp,matched_sample_clean_model_robustness,classical_cpu,6,0,24,24,clean,5,test,6d930e716ad04b90cfec0976b6b155bd0105aefdd2cacd2f769d0fb1cfff78f2,2973665665e08fe9c86d7ac59912610933130a1432d9ff533a90a6d2aae893ec,122fca9c88c1665437c95b09c1dd5c91b36a1c407a12253311ff02d6d842e4f0,0.3,0.19117647058823528,0.9285714285714286,0.3170731707317073,0.36796536796536794,0.5476190476190477,0.9285714285714286,0.16666666666666666,0.16326530612244897,0.16326530612244897,1.0,0.2807017543859649,0.5754573170731707,0.5,1.0,0.0,"[[0, 82], [0, 16]]",none,0,0,0,0,0,0.0,0.0,0.6655054589791689,0.0038317919825203717,0.0,{},/Users/srikarreddy/Documents/hackathon/hackathon3/QSky-Mizzou-Quantum-Hackathon/models/quantum_ideal/small_mlp_q6_n24_clean_aggregated_seed42.joblib,0.0,,[],0.0,,,,
small_mlp,matched_sample_clean_model_robustness,classical_cpu,6,0,24,24,clean,0,test,6d930e716ad04b90cfec0976b6b155bd0105aefdd2cacd2f769d0fb1cfff78f2,2973665665e08fe9c86d7ac59912610933130a1432d9ff533a90a6d2aae893ec,122fca9c88c1665437c95b09c1dd5c91b36a1c407a12253311ff02d6d842e4f0,0.3,0.19117647058823528,0.9285714285714286,0.3170731707317073,0.36796536796536794,0.5476190476190477,0.9285714285714286,0.16666666666666666,0.16326530612244897,0.16326530612244897,1.0,0.2807017543859649,0.5975609756097561,0.5,1.0,0.0,"[[0, 82], [0, 16]]",none,0,0,0,0,0,0.0,0.0,0.6655054589791689,0.004469958017580211,0.0,{},/Users/srikarreddy/Documents/hackathon/hackathon3/QSky-Mizzou-Quantum-Hackathon/models/quantum_ideal/small_mlp_q6_n24_clean_aggregated_seed42.joblib,0.0,,[],0.0,,,,
fixed_qsvc,matched_sample_clean_model_robustness,ideal_statevector_fidelity,6,6,50,50,clean,clean,test,9a07b0b7f852e290ff6715427dae458fd4dded6b97a84e86758e4420e90f7c0c,2973665665e08fe9c86d7ac59912610933130a1432d9ff533a90a6d2aae893ec,122fca9c88c1665437c95b09c1dd5c91b36a1c407a12253311ff02d6d842e4f0,0.65,0.20833333333333334,0.35714285714285715,0.2631578947368421,0.5248917748917749,0.5346320346320347,0.35714285714285715,0.7121212121212122,0.6020408163265306,0.12903225806451613,0.25,0.1702127659574468,0.4855182926829268,0.4603658536585366,0.25,0.6707317073170732,"[[55, 27], [12, 4]]",zz_reps1_linear,1,17,10,29725,32225,98.07073933497304,94.45663908400456,3.631323125009658,0.005185624992009252,0.014343166985781863,"{""fixed_q6_n50_snr_clean_zz_reps1_linear_seed42_test_snr_0dB"": false, ""fixed_q6_n50_snr_clean_zz_reps1_linear_seed42_test_snr_10dB"": false, ""fixed_q6_n50_snr_clean_zz_reps1_linear_seed42_test_snr_20dB"": false, ""fixed_q6_n50_snr_clean_zz_reps1_linear_seed42_test_snr_5dB"": false, ""fixed_q6_n50_snr_clean_zz_reps1_linear_seed42_test_snr_cleandB"": true, ""fixed_q6_n50_snr_clean_zz_reps1_linear_seed42_training"": false, ""fixed_q6_n50_snr_clean_zz_reps1_linear_seed42_validation"": true, ""unregistered"": false}",/Users/srikarreddy/Documents/hackathon/hackathon3/QSky-Mizzou-Quantum-Hackathon/models/quantum_ideal/fixed_qsvc_q6_n50_clean_seed42.joblib,0.0,,[],0.0,2426.0,/Users/srikarreddy/Documents/hackathon/hackathon3/QSky-Mizzou-Quantum-Hackathon/results/quantum/kernels/fixed_q6_n50_snr_clean_zz_reps1_linear_seed42_training.npy,/Users/srikarreddy/Documents/hackathon/hackathon3/QSky-Mizzou-Quantum-Hackathon/results/quantum/kernels/fixed_q6_n50_snr_clean_zz_reps1_linear_seed42_validation.npy,/Users/srikarreddy/Documents/hackathon/hackathon3/QSky-Mizzou-Quantum-Hackathon/results/quantum/kernels/fixed_q6_n50_snr_clean_zz_reps1_linear_seed42_test_snr_cleandB.npy
fixed_qsvc,matched_sample_clean_model_robustness,ideal_statevector_fidelity,6,6,50,50,clean,20,test,9a07b0b7f852e290ff6715427dae458fd4dded6b97a84e86758e4420e90f7c0c,2973665665e08fe9c86d7ac59912610933130a1432d9ff533a90a6d2aae893ec,122fca9c88c1665437c95b09c1dd5c91b36a1c407a12253311ff02d6d842e4f0,0.65,0.20833333333333334,0.35714285714285715,0.2631578947368421,0.5248917748917749,0.5346320346320347,0.35714285714285715,0.7121212121212122,0.6020408163265306,0.15151515151515152,0.3125,0.20408163265306123,0.5853658536585366,0.48551829268292684,0.3125,0.6585365853658537,"[[54, 28], [11, 5]]",zz_reps1_linear,1,17,10,29725,32225,98.07073933497304,94.45663908400456,3.631323125009658,0.0048462919949088246,0.014343166985781863,"{""fixed_q6_n50_snr_clean_zz_reps1_linear_seed42_test_snr_0dB"": false, ""fixed_q6_n50_snr_clean_zz_reps1_linear_seed42_test_snr_10dB"": false, ""fixed_q6_n50_snr_clean_zz_reps1_linear_seed42_test_snr_20dB"": true, ""fixed_q6_n50_snr_clean_zz_reps1_linear_seed42_test_snr_5dB"": false, ""fixed_q6_n50_snr_clean_zz_reps1_linear_seed42_test_snr_cleandB"": true, ""fixed_q6_n50_snr_clean_zz_reps1_linear_seed42_training"": false, ""fixed_q6_n50_snr_clean_zz_reps1_linear_seed42_validation"": true, ""unregistered"": false}",/Users/srikarreddy/Documents/hackathon/hackathon3/QSky-Mizzou-Quantum-Hackathon/models/quantum_ideal/fixed_qsvc_q6_n50_clean_seed42.joblib,0.0,,[],0.0,2426.0,/Users/srikarreddy/Documents/hackathon/hackathon3/QSky-Mizzou-Quantum-Hackathon/results/quantum/kernels/fixed_q6_n50_snr_clean_zz_reps1_linear_seed42_training.npy,/Users/srikarreddy/Documents/hackathon/hackathon3/QSky-Mizzou-Quantum-Hackathon/results/quantum/kernels/fixed_q6_n50_snr_clean_zz_reps1_linear_seed42_validation.npy,/Users/srikarreddy/Documents/hackathon/hackathon3/QSky-Mizzou-Quantum-Hackathon/results/quantum/kernels/fixed_q6_n50_snr_clean_zz_reps1_linear_seed42_test_snr_20dB.npy
fixed_qsvc,matched_sample_clean_model_robustness,ideal_statevector_fidelity,6,6,50,50,clean,10,test,9a07b0b7f852e290ff6715427dae458fd4dded6b97a84e86758e4420e90f7c0c,2973665665e08fe9c86d7ac59912610933130a1432d9ff533a90a6d2aae893ec,122fca9c88c1665437c95b09c1dd5c91b36a1c407a12253311ff02d6d842e4f0,0.65,0.20833333333333334,0.35714285714285715,0.2631578947368421,0.5248917748917749,0.5346320346320347,0.35714285714285715,0.7121212121212122,0.5816326530612245,0.1794871794871795,0.4375,0.2545454545454545,0.5282012195121951,0.5236280487804879,0.4375,0.6097560975609756,"[[50, 32], [9, 7]]",zz_reps1_linear,1,17,10,29725,32225,98.07073933497304,94.45663908400456,3.631323125009658,0.004374458017991856,0.014343166985781863,"{""fixed_q6_n50_snr_clean_zz_reps1_linear_seed42_test_snr_0dB"": false, ""fixed_q6_n50_snr_clean_zz_reps1_linear_seed42_test_snr_10dB"": true, ""fixed_q6_n50_snr_clean_zz_reps1_linear_seed42_test_snr_20dB"": true, ""fixed_q6_n50_snr_clean_zz_reps1_linear_seed42_test_snr_5dB"": false, ""fixed_q6_n50_snr_clean_zz_reps1_linear_seed42_test_snr_cleandB"": true, ""fixed_q6_n50_snr_clean_zz_reps1_linear_seed42_training"": false, ""fixed_q6_n50_snr_clean_zz_reps1_linear_seed42_validation"": true, ""unregistered"": false}",/Users/srikarreddy/Documents/hackathon/hackathon3/QSky-Mizzou-Quantum-Hackathon/models/quantum_ideal/fixed_qsvc_q6_n50_clean_seed42.joblib,0.0,,[],0.0,2426.0,/Users/srikarreddy/Documents/hackathon/hackathon3/QSky-Mizzou-Quantum-Hackathon/results/quantum/kernels/fixed_q6_n50_snr_clean_zz_reps1_linear_seed42_training.npy,/Users/srikarreddy/Documents/hackathon/hackathon3/QSky-Mizzou-Quantum-Hackathon/results/quantum/kernels/fixed_q6_n50_snr_clean_zz_reps1_linear_seed42_validation.npy,/Users/srikarreddy/Documents/hackathon/hackathon3/QSky-Mizzou-Quantum-Hackathon/results/quantum/kernels/fixed_q6_n50_snr_clean_zz_reps1_linear_seed42_test_snr_10dB.npy
fixed_qsvc,matched_sample_clean_model_robustness,ideal_statevector_fidelity,6,6,50,50,clean,5,test,9a07b0b7f852e290ff6715427dae458fd4dded6b97a84e86758e4420e90f7c0c,2973665665e08fe9c86d7ac59912610933130a1432d9ff533a90a6d2aae893ec,122fca9c88c1665437c95b09c1dd5c91b36a1c407a12253311ff02d6d842e4f0,0.65,0.20833333333333334,0.35714285714285715,0.2631578947368421,0.5248917748917749,0.5346320346320347,0.35714285714285715,0.7121212121212122,0.6224489795918368,0.1111111111111111,0.1875,0.13953488372093023,0.5434451219512195,0.44740853658536583,0.1875,0.7073170731707317,"[[58, 24], [13, 3]]",zz_reps1_linear,1,17,10,29725,32225,98.07073933497304,94.45663908400456,3.631323125009658,0.003930458013201132,0.014343166985781863,"{""fixed_q6_n50_snr_clean_zz_reps1_linear_seed42_test_snr_0dB"": false, ""fixed_q6_n50_snr_clean_zz_reps1_linear_seed42_test_snr_10dB"": true, ""fixed_q6_n50_snr_clean_zz_reps1_linear_seed42_test_snr_20dB"": true, ""fixed_q6_n50_snr_clean_zz_reps1_linear_seed42_test_snr_5dB"": true, ""fixed_q6_n50_snr_clean_zz_reps1_linear_seed42_test_snr_cleandB"": true, ""fixed_q6_n50_snr_clean_zz_reps1_linear_seed42_training"": false, ""fixed_q6_n50_snr_clean_zz_reps1_linear_seed42_validation"": true, ""unregistered"": false}",/Users/srikarreddy/Documents/hackathon/hackathon3/QSky-Mizzou-Quantum-Hackathon/models/quantum_ideal/fixed_qsvc_q6_n50_clean_seed42.joblib,0.0,,[],0.0,2426.0,/Users/srikarreddy/Documents/hackathon/hackathon3/QSky-Mizzou-Quantum-Hackathon/results/quantum/kernels/fixed_q6_n50_snr_clean_zz_reps1_linear_seed42_training.npy,/Users/srikarreddy/Documents/hackathon/hackathon3/QSky-Mizzou-Quantum-Hackathon/results/quantum/kernels/fixed_q6_n50_snr_clean_zz_reps1_linear_seed42_validation.npy,/Users/srikarreddy/Documents/hackathon/hackathon3/QSky-Mizzou-Quantum-Hackathon/results/quantum/kernels/fixed_q6_n50_snr_clean_zz_reps1_linear_seed42_test_snr_5dB.npy
fixed_qsvc,matched_sample_clean_model_robustness,ideal_statevector_fidelity,6,6,50,50,clean,0,test,9a07b0b7f852e290ff6715427dae458fd4dded6b97a84e86758e4420e90f7c0c,2973665665e08fe9c86d7ac59912610933130a1432d9ff533a90a6d2aae893ec,122fca9c88c1665437c95b09c1dd5c91b36a1c407a12253311ff02d6d842e4f0,0.65,0.20833333333333334,0.35714285714285715,0.2631578947368421,0.5248917748917749,0.5346320346320347,0.35714285714285715,0.7121212121212122,0.5918367346938775,0.2,0.5,0.2857142857142857,0.5495426829268293,0.5548780487804879,0.5,0.6097560975609756,"[[50, 32], [8, 8]]",zz_reps1_linear,1,17,10,29725,32225,98.07073933497304,94.45663908400456,3.631323125009658,0.003949875012040138,0.014343166985781863,"{""fixed_q6_n50_snr_clean_zz_reps1_linear_seed42_test_snr_0dB"": true, ""fixed_q6_n50_snr_clean_zz_reps1_linear_seed42_test_snr_10dB"": true, ""fixed_q6_n50_snr_clean_zz_reps1_linear_seed42_test_snr_20dB"": true, ""fixed_q6_n50_snr_clean_zz_reps1_linear_seed42_test_snr_5dB"": true, ""fixed_q6_n50_snr_clean_zz_reps1_linear_seed42_test_snr_cleandB"": true, ""fixed_q6_n50_snr_clean_zz_reps1_linear_seed42_training"": false, ""fixed_q6_n50_snr_clean_zz_reps1_linear_seed42_validation"": true, ""unregistered"": false}",/Users/srikarreddy/Documents/hackathon/hackathon3/QSky-Mizzou-Quantum-Hackathon/models/quantum_ideal/fixed_qsvc_q6_n50_clean_seed42.joblib,0.0,,[],0.0,2426.0,/Users/srikarreddy/Documents/hackathon/hackathon3/QSky-Mizzou-Quantum-Hackathon/results/quantum/kernels/fixed_q6_n50_snr_clean_zz_reps1_linear_seed42_training.npy,/Users/srikarreddy/Documents/hackathon/hackathon3/QSky-Mizzou-Quantum-Hackathon/results/quantum/kernels/fixed_q6_n50_snr_clean_zz_reps1_linear_seed42_validation.npy,/Users/srikarreddy/Documents/hackathon/hackathon3/QSky-Mizzou-Quantum-Hackathon/results/quantum/kernels/fixed_q6_n50_snr_clean_zz_reps1_linear_seed42_test_snr_0dB.npy
rbf_svm,matched_sample_clean_model_robustness,classical_cpu,6,0,50,50,clean,clean,test,9a07b0b7f852e290ff6715427dae458fd4dded6b97a84e86758e4420e90f7c0c,2973665665e08fe9c86d7ac59912610933130a1432d9ff533a90a6d2aae893ec,122fca9c88c1665437c95b09c1dd5c91b36a1c407a12253311ff02d6d842e4f0,0.7,0.3076923076923077,0.5714285714285714,0.4,0.7294372294372294,0.6493506493506493,0.5714285714285714,0.7272727272727273,0.7857142857142857,0.41935483870967744,0.8125,0.5531914893617021,0.8277439024390244,0.7964939024390244,0.8125,0.7804878048780488,"[[64, 18], [3, 13]]",none,0,0,0,0,0,0.0,0.0,0.0016477080062031746,0.005110624973895028,0.0,{},/Users/srikarreddy/Documents/hackathon/hackathon3/QSky-Mizzou-Quantum-Hackathon/models/quantum_ideal/rbf_svm_q6_n50_clean_aggregated_seed42.joblib,0.0,,[],0.0,,,,
rbf_svm,matched_sample_clean_model_robustness,classical_cpu,6,0,50,50,clean,20,test,9a07b0b7f852e290ff6715427dae458fd4dded6b97a84e86758e4420e90f7c0c,2973665665e08fe9c86d7ac59912610933130a1432d9ff533a90a6d2aae893ec,122fca9c88c1665437c95b09c1dd5c91b36a1c407a12253311ff02d6d842e4f0,0.7,0.3076923076923077,0.5714285714285714,0.4,0.7294372294372294,0.6493506493506493,0.5714285714285714,0.7272727272727273,0.7755102040816326,0.375,0.5625,0.45,0.8064024390243902,0.6897865853658536,0.5625,0.8170731707317073,"[[67, 15], [7, 9]]",none,0,0,0,0,0,0.0,0.0,0.0016477080062031746,0.0042027079907711595,0.0,{},/Users/srikarreddy/Documents/hackathon/hackathon3/QSky-Mizzou-Quantum-Hackathon/models/quantum_ideal/rbf_svm_q6_n50_clean_aggregated_seed42.joblib,0.0,,[],0.0,,,,
rbf_svm,matched_sample_clean_model_robustness,classical_cpu,6,0,50,50,clean,10,test,9a07b0b7f852e290ff6715427dae458fd4dded6b97a84e86758e4420e90f7c0c,2973665665e08fe9c86d7ac59912610933130a1432d9ff533a90a6d2aae893ec,122fca9c88c1665437c95b09c1dd5c91b36a1c407a12253311ff02d6d842e4f0,0.7,0.3076923076923077,0.5714285714285714,0.4,0.7294372294372294,0.6493506493506493,0.5714285714285714,0.7272727272727273,0.7653061224489796,0.29411764705882354,0.3125,0.30303030303030304,0.7820121951219513,0.5830792682926829,0.3125,0.8536585365853658,"[[70, 12], [11, 5]]",none,0,0,0,0,0,0.0,0.0,0.0016477080062031746,0.004076082987012342,0.0,{},/Users/srikarreddy/Documents/hackathon/hackathon3/QSky-Mizzou-Quantum-Hackathon/models/quantum_ideal/rbf_svm_q6_n50_clean_aggregated_seed42.joblib,0.0,,[],0.0,,,,
rbf_svm,matched_sample_clean_model_robustness,classical_cpu,6,0,50,50,clean,5,test,9a07b0b7f852e290ff6715427dae458fd4dded6b97a84e86758e4420e90f7c0c,2973665665e08fe9c86d7ac59912610933130a1432d9ff533a90a6d2aae893ec,122fca9c88c1665437c95b09c1dd5c91b36a1c407a12253311ff02d6d842e4f0,0.7,0.3076923076923077,0.5714285714285714,0.4,0.7294372294372294,0.6493506493506493,0.5714285714285714,0.7272727272727273,0.7551020408163265,0.2777777777777778,0.3125,0.29411764705882354,0.7652439024390245,0.5769817073170731,0.3125,0.8414634146341463,"[[69, 13], [11, 5]]",none,0,0,0,0,0,0.0,0.0,0.0016477080062031746,0.004065916989929974,0.0,{},/Users/srikarreddy/Documents/hackathon/hackathon3/QSky-Mizzou-Quantum-Hackathon/models/quantum_ideal/rbf_svm_q6_n50_clean_aggregated_seed42.joblib,0.0,,[],0.0,,,,
rbf_svm,matched_sample_clean_model_robustness,classical_cpu,6,0,50,50,clean,0,test,9a07b0b7f852e290ff6715427dae458fd4dded6b97a84e86758e4420e90f7c0c,2973665665e08fe9c86d7ac59912610933130a1432d9ff533a90a6d2aae893ec,122fca9c88c1665437c95b09c1dd5c91b36a1c407a12253311ff02d6d842e4f0,0.7,0.3076923076923077,0.5714285714285714,0.4,0.7294372294372294,0.6493506493506493,0.5714285714285714,0.7272727272727273,0.7653061224489796,0.29411764705882354,0.3125,0.30303030303030304,0.7385670731707317,0.5830792682926829,0.3125,0.8536585365853658,"[[70, 12], [11, 5]]",none,0,0,0,0,0,0.0,0.0,0.0016477080062031746,0.004066916008014232,0.0,{},/Users/srikarreddy/Documents/hackathon/hackathon3/QSky-Mizzou-Quantum-Hackathon/models/quantum_ideal/rbf_svm_q6_n50_clean_aggregated_seed42.joblib,0.0,,[],0.0,,,,
small_mlp,matched_sample_clean_model_robustness,classical_cpu,6,0,50,50,clean,clean,test,9a07b0b7f852e290ff6715427dae458fd4dded6b97a84e86758e4420e90f7c0c,2973665665e08fe9c86d7ac59912610933130a1432d9ff533a90a6d2aae893ec,122fca9c88c1665437c95b09c1dd5c91b36a1c407a12253311ff02d6d842e4f0,0.7125,0.3548387096774194,0.7857142857142857,0.4888888888888889,0.7554112554112554,0.7413419913419914,0.7857142857142857,0.696969696969697,0.7551020408163265,0.38235294117647056,0.8125,0.52,0.8147865853658537,0.7782012195121951,0.8125,0.7439024390243902,"[[61, 21], [3, 13]]",none,0,0,0,0,0,0.0,0.0,0.34694970899727196,0.003848166990792379,0.0,{},/Users/srikarreddy/Documents/hackathon/hackathon3/QSky-Mizzou-Quantum-Hackathon/models/quantum_ideal/small_mlp_q6_n50_clean_aggregated_seed42.joblib,0.0,,[],0.0,,,,
small_mlp,matched_sample_clean_model_robustness,classical_cpu,6,0,50,50,clean,20,test,9a07b0b7f852e290ff6715427dae458fd4dded6b97a84e86758e4420e90f7c0c,2973665665e08fe9c86d7ac59912610933130a1432d9ff533a90a6d2aae893ec,122fca9c88c1665437c95b09c1dd5c91b36a1c407a12253311ff02d6d842e4f0,0.7125,0.3548387096774194,0.7857142857142857,0.4888888888888889,0.7554112554112554,0.7413419913419914,0.7857142857142857,0.696969696969697,0.7346938775510204,0.35294117647058826,0.75,0.48,0.7942073170731707,0.7408536585365854,0.75,0.7317073170731707,"[[60, 22], [4, 12]]",none,0,0,0,0,0,0.0,0.0,0.34694970899727196,0.0038510420126840472,0.0,{},/Users/srikarreddy/Documents/hackathon/hackathon3/QSky-Mizzou-Quantum-Hackathon/models/quantum_ideal/small_mlp_q6_n50_clean_aggregated_seed42.joblib,0.0,,[],0.0,,,,
small_mlp,matched_sample_clean_model_robustness,classical_cpu,6,0,50,50,clean,10,test,9a07b0b7f852e290ff6715427dae458fd4dded6b97a84e86758e4420e90f7c0c,2973665665e08fe9c86d7ac59912610933130a1432d9ff533a90a6d2aae893ec,122fca9c88c1665437c95b09c1dd5c91b36a1c407a12253311ff02d6d842e4f0,0.7125,0.3548387096774194,0.7857142857142857,0.4888888888888889,0.7554112554112554,0.7413419913419914,0.7857142857142857,0.696969696969697,0.6632653061224489,0.24242424242424243,0.5,0.32653061224489793,0.7721036585365855,0.5975609756097561,0.5,0.6951219512195121,"[[57, 25], [8, 8]]",none,0,0,0,0,0,0.0,0.0,0.34694970899727196,0.0037827079941052943,0.0,{},/Users/srikarreddy/Documents/hackathon/hackathon3/QSky-Mizzou-Quantum-Hackathon/models/quantum_ideal/small_mlp_q6_n50_clean_aggregated_seed42.joblib,0.0,,[],0.0,,,,
small_mlp,matched_sample_clean_model_robustness,classical_cpu,6,0,50,50,clean,5,test,9a07b0b7f852e290ff6715427dae458fd4dded6b97a84e86758e4420e90f7c0c,2973665665e08fe9c86d7ac59912610933130a1432d9ff533a90a6d2aae893ec,122fca9c88c1665437c95b09c1dd5c91b36a1c407a12253311ff02d6d842e4f0,0.7125,0.3548387096774194,0.7857142857142857,0.4888888888888889,0.7554112554112554,0.7413419913419914,0.7857142857142857,0.696969696969697,0.6632653061224489,0.22580645161290322,0.4375,0.2978723404255319,0.7667682926829269,0.5724085365853658,0.4375,0.7073170731707317,"[[58, 24], [9, 7]]",none,0,0,0,0,0,0.0,0.0,0.34694970899727196,0.003774000011617318,0.0,{},/Users/srikarreddy/Documents/hackathon/hackathon3/QSky-Mizzou-Quantum-Hackathon/models/quantum_ideal/small_mlp_q6_n50_clean_aggregated_seed42.joblib,0.0,,[],0.0,,,,
small_mlp,matched_sample_clean_model_robustness,classical_cpu,6,0,50,50,clean,0,test,9a07b0b7f852e290ff6715427dae458fd4dded6b97a84e86758e4420e90f7c0c,2973665665e08fe9c86d7ac59912610933130a1432d9ff533a90a6d2aae893ec,122fca9c88c1665437c95b09c1dd5c91b36a1c407a12253311ff02d6d842e4f0,0.7125,0.3548387096774194,0.7857142857142857,0.4888888888888889,0.7554112554112554,0.7413419913419914,0.7857142857142857,0.696969696969697,0.6938775510204082,0.26666666666666666,0.5,0.34782608695652173,0.7522865853658537,0.6158536585365854,0.5,0.7317073170731707,"[[60, 22], [8, 8]]",none,0,0,0,0,0,0.0,0.0,0.34694970899727196,0.00376737501937896,0.0,{},/Users/srikarreddy/Documents/hackathon/hackathon3/QSky-Mizzou-Quantum-Hackathon/models/quantum_ideal/small_mlp_q6_n50_clean_aggregated_seed42.joblib,0.0,,[],0.0,,,,
fixed_qsvc,matched_sample_clean_model_robustness,ideal_statevector_fidelity,6,6,70,70,clean,clean,test,b4738a0e925c1c03ecfd4f680ea9777e823c2b07f03e8a7425378b68bc46d466,2973665665e08fe9c86d7ac59912610933130a1432d9ff533a90a6d2aae893ec,122fca9c88c1665437c95b09c1dd5c91b36a1c407a12253311ff02d6d842e4f0,0.575,0.2222222222222222,0.5714285714285714,0.32,0.5573593073593073,0.5735930735930737,0.5714285714285714,0.5757575757575758,0.47959183673469385,0.1276595744680851,0.375,0.19047619047619047,0.40625,0.4375,0.375,0.5,"[[41, 41], [10, 6]]",zz_reps1_linear,1,17,10,42315,47215,134.13114933198085,126.87950999999885,7.2640246670052875,0.005309125001076609,0.0136327919899486,"{""fixed_q6_n70_snr_clean_zz_reps1_linear_seed42_test_snr_0dB"": false, ""fixed_q6_n70_snr_clean_zz_reps1_linear_seed42_test_snr_10dB"": false, ""fixed_q6_n70_snr_clean_zz_reps1_linear_seed42_test_snr_20dB"": false, ""fixed_q6_n70_snr_clean_zz_reps1_linear_seed42_test_snr_5dB"": false, ""fixed_q6_n70_snr_clean_zz_reps1_linear_seed42_test_snr_cleandB"": true, ""fixed_q6_n70_snr_clean_zz_reps1_linear_seed42_training"": false, ""fixed_q6_n70_snr_clean_zz_reps1_linear_seed42_validation"": true, ""unregistered"": false}",/Users/srikarreddy/Documents/hackathon/hackathon3/QSky-Mizzou-Quantum-Hackathon/models/quantum_ideal/fixed_qsvc_q6_n70_clean_seed42.joblib,0.0,,[],0.0,3654.0,/Users/srikarreddy/Documents/hackathon/hackathon3/QSky-Mizzou-Quantum-Hackathon/results/quantum/kernels/fixed_q6_n70_snr_clean_zz_reps1_linear_seed42_training.npy,/Users/srikarreddy/Documents/hackathon/hackathon3/QSky-Mizzou-Quantum-Hackathon/results/quantum/kernels/fixed_q6_n70_snr_clean_zz_reps1_linear_seed42_validation.npy,/Users/srikarreddy/Documents/hackathon/hackathon3/QSky-Mizzou-Quantum-Hackathon/results/quantum/kernels/fixed_q6_n70_snr_clean_zz_reps1_linear_seed42_test_snr_cleandB.npy
fixed_qsvc,matched_sample_clean_model_robustness,ideal_statevector_fidelity,6,6,70,70,clean,20,test,b4738a0e925c1c03ecfd4f680ea9777e823c2b07f03e8a7425378b68bc46d466,2973665665e08fe9c86d7ac59912610933130a1432d9ff533a90a6d2aae893ec,122fca9c88c1665437c95b09c1dd5c91b36a1c407a12253311ff02d6d842e4f0,0.575,0.2222222222222222,0.5714285714285714,0.32,0.5573593073593073,0.5735930735930737,0.5714285714285714,0.5757575757575758,0.5714285714285714,0.20454545454545456,0.5625,0.3,0.5838414634146342,0.5678353658536586,0.5625,0.573170731707317,"[[47, 35], [7, 9]]",zz_reps1_linear,1,17,10,42315,47215,134.13114933198085,126.87950999999885,7.2640246670052875,0.004367249988717958,0.0136327919899486,"{""fixed_q6_n70_snr_clean_zz_reps1_linear_seed42_test_snr_0dB"": false, ""fixed_q6_n70_snr_clean_zz_reps1_linear_seed42_test_snr_10dB"": false, ""fixed_q6_n70_snr_clean_zz_reps1_linear_seed42_test_snr_20dB"": true, ""fixed_q6_n70_snr_clean_zz_reps1_linear_seed42_test_snr_5dB"": false, ""fixed_q6_n70_snr_clean_zz_reps1_linear_seed42_test_snr_cleandB"": true, ""fixed_q6_n70_snr_clean_zz_reps1_linear_seed42_training"": false, ""fixed_q6_n70_snr_clean_zz_reps1_linear_seed42_validation"": true, ""unregistered"": false}",/Users/srikarreddy/Documents/hackathon/hackathon3/QSky-Mizzou-Quantum-Hackathon/models/quantum_ideal/fixed_qsvc_q6_n70_clean_seed42.joblib,0.0,,[],0.0,3654.0,/Users/srikarreddy/Documents/hackathon/hackathon3/QSky-Mizzou-Quantum-Hackathon/results/quantum/kernels/fixed_q6_n70_snr_clean_zz_reps1_linear_seed42_training.npy,/Users/srikarreddy/Documents/hackathon/hackathon3/QSky-Mizzou-Quantum-Hackathon/results/quantum/kernels/fixed_q6_n70_snr_clean_zz_reps1_linear_seed42_validation.npy,/Users/srikarreddy/Documents/hackathon/hackathon3/QSky-Mizzou-Quantum-Hackathon/results/quantum/kernels/fixed_q6_n70_snr_clean_zz_reps1_linear_seed42_test_snr_20dB.npy
fixed_qsvc,matched_sample_clean_model_robustness,ideal_statevector_fidelity,6,6,70,70,clean,10,test,b4738a0e925c1c03ecfd4f680ea9777e823c2b07f03e8a7425378b68bc46d466,2973665665e08fe9c86d7ac59912610933130a1432d9ff533a90a6d2aae893ec,122fca9c88c1665437c95b09c1dd5c91b36a1c407a12253311ff02d6d842e4f0,0.575,0.2222222222222222,0.5714285714285714,0.32,0.5573593073593073,0.5735930735930737,0.5714285714285714,0.5757575757575758,0.5306122448979592,0.14285714285714285,0.375,0.20689655172413793,0.45807926829268286,0.4679878048780488,0.375,0.5609756097560976,"[[46, 36], [10, 6]]",zz_reps1_linear,1,17,10,42315,47215,134.13114933198085,126.87950999999885,7.2640246670052875,0.005183459026739001,0.0136327919899486,"{""fixed_q6_n70_snr_clean_zz_reps1_linear_seed42_test_snr_0dB"": false, ""fixed_q6_n70_snr_clean_zz_reps1_linear_seed42_test_snr_10dB"": true, ""fixed_q6_n70_snr_clean_zz_reps1_linear_seed42_test_snr_20dB"": true, ""fixed_q6_n70_snr_clean_zz_reps1_linear_seed42_test_snr_5dB"": false, ""fixed_q6_n70_snr_clean_zz_reps1_linear_seed42_test_snr_cleandB"": true, ""fixed_q6_n70_snr_clean_zz_reps1_linear_seed42_training"": false, ""fixed_q6_n70_snr_clean_zz_reps1_linear_seed42_validation"": true, ""unregistered"": false}",/Users/srikarreddy/Documents/hackathon/hackathon3/QSky-Mizzou-Quantum-Hackathon/models/quantum_ideal/fixed_qsvc_q6_n70_clean_seed42.joblib,0.0,,[],0.0,3654.0,/Users/srikarreddy/Documents/hackathon/hackathon3/QSky-Mizzou-Quantum-Hackathon/results/quantum/kernels/fixed_q6_n70_snr_clean_zz_reps1_linear_seed42_training.npy,/Users/srikarreddy/Documents/hackathon/hackathon3/QSky-Mizzou-Quantum-Hackathon/results/quantum/kernels/fixed_q6_n70_snr_clean_zz_reps1_linear_seed42_validation.npy,/Users/srikarreddy/Documents/hackathon/hackathon3/QSky-Mizzou-Quantum-Hackathon/results/quantum/kernels/fixed_q6_n70_snr_clean_zz_reps1_linear_seed42_test_snr_10dB.npy
fixed_qsvc,matched_sample_clean_model_robustness,ideal_statevector_fidelity,6,6,70,70,clean,5,test,b4738a0e925c1c03ecfd4f680ea9777e823c2b07f03e8a7425378b68bc46d466,2973665665e08fe9c86d7ac59912610933130a1432d9ff533a90a6d2aae893ec,122fca9c88c1665437c95b09c1dd5c91b36a1c407a12253311ff02d6d842e4f0,0.575,0.2222222222222222,0.5714285714285714,0.32,0.5573593073593073,0.5735930735930737,0.5714285714285714,0.5757575757575758,0.5408163265306123,0.1282051282051282,0.3125,0.18181818181818182,0.5106707317073171,0.4489329268292683,0.3125,0.5853658536585366,"[[48, 34], [11, 5]]",zz_reps1_linear,1,17,10,42315,47215,134.13114933198085,126.87950999999885,7.2640246670052875,0.004843082977458835,0.0136327919899486,"{""fixed_q6_n70_snr_clean_zz_reps1_linear_seed42_test_snr_0dB"": false, ""fixed_q6_n70_snr_clean_zz_reps1_linear_seed42_test_snr_10dB"": true, ""fixed_q6_n70_snr_clean_zz_reps1_linear_seed42_test_snr_20dB"": true, ""fixed_q6_n70_snr_clean_zz_reps1_linear_seed42_test_snr_5dB"": true, ""fixed_q6_n70_snr_clean_zz_reps1_linear_seed42_test_snr_cleandB"": true, ""fixed_q6_n70_snr_clean_zz_reps1_linear_seed42_training"": false, ""fixed_q6_n70_snr_clean_zz_reps1_linear_seed42_validation"": true, ""unregistered"": false}",/Users/srikarreddy/Documents/hackathon/hackathon3/QSky-Mizzou-Quantum-Hackathon/models/quantum_ideal/fixed_qsvc_q6_n70_clean_seed42.joblib,0.0,,[],0.0,3654.0,/Users/srikarreddy/Documents/hackathon/hackathon3/QSky-Mizzou-Quantum-Hackathon/results/quantum/kernels/fixed_q6_n70_snr_clean_zz_reps1_linear_seed42_training.npy,/Users/srikarreddy/Documents/hackathon/hackathon3/QSky-Mizzou-Quantum-Hackathon/results/quantum/kernels/fixed_q6_n70_snr_clean_zz_reps1_linear_seed42_validation.npy,/Users/srikarreddy/Documents/hackathon/hackathon3/QSky-Mizzou-Quantum-Hackathon/results/quantum/kernels/fixed_q6_n70_snr_clean_zz_reps1_linear_seed42_test_snr_5dB.npy
fixed_qsvc,matched_sample_clean_model_robustness,ideal_statevector_fidelity,6,6,70,70,clean,0,test,b4738a0e925c1c03ecfd4f680ea9777e823c2b07f03e8a7425378b68bc46d466,2973665665e08fe9c86d7ac59912610933130a1432d9ff533a90a6d2aae893ec,122fca9c88c1665437c95b09c1dd5c91b36a1c407a12253311ff02d6d842e4f0,0.575,0.2222222222222222,0.5714285714285714,0.32,0.5573593073593073,0.5735930735930737,0.5714285714285714,0.5757575757575758,0.5714285714285714,0.15789473684210525,0.375,0.2222222222222222,0.47789634146341464,0.4923780487804878,0.375,0.6097560975609756,"[[50, 32], [10, 6]]",zz_reps1_linear,1,17,10,42315,47215,134.13114933198085,126.87950999999885,7.2640246670052875,0.004162458004429936,0.0136327919899486,"{""fixed_q6_n70_snr_clean_zz_reps1_linear_seed42_test_snr_0dB"": true, ""fixed_q6_n70_snr_clean_zz_reps1_linear_seed42_test_snr_10dB"": true, ""fixed_q6_n70_snr_clean_zz_reps1_linear_seed42_test_snr_20dB"": true, ""fixed_q6_n70_snr_clean_zz_reps1_linear_seed42_test_snr_5dB"": true, ""fixed_q6_n70_snr_clean_zz_reps1_linear_seed42_test_snr_cleandB"": true, ""fixed_q6_n70_snr_clean_zz_reps1_linear_seed42_training"": false, ""fixed_q6_n70_snr_clean_zz_reps1_linear_seed42_validation"": true, ""unregistered"": false}",/Users/srikarreddy/Documents/hackathon/hackathon3/QSky-Mizzou-Quantum-Hackathon/models/quantum_ideal/fixed_qsvc_q6_n70_clean_seed42.joblib,0.0,,[],0.0,3654.0,/Users/srikarreddy/Documents/hackathon/hackathon3/QSky-Mizzou-Quantum-Hackathon/results/quantum/kernels/fixed_q6_n70_snr_clean_zz_reps1_linear_seed42_training.npy,/Users/srikarreddy/Documents/hackathon/hackathon3/QSky-Mizzou-Quantum-Hackathon/results/quantum/kernels/fixed_q6_n70_snr_clean_zz_reps1_linear_seed42_validation.npy,/Users/srikarreddy/Documents/hackathon/hackathon3/QSky-Mizzou-Quantum-Hackathon/results/quantum/kernels/fixed_q6_n70_snr_clean_zz_reps1_linear_seed42_test_snr_0dB.npy
rbf_svm,matched_sample_clean_model_robustness,classical_cpu,6,0,70,70,clean,clean,test,b4738a0e925c1c03ecfd4f680ea9777e823c2b07f03e8a7425378b68bc46d466,2973665665e08fe9c86d7ac59912610933130a1432d9ff533a90a6d2aae893ec,122fca9c88c1665437c95b09c1dd5c91b36a1c407a12253311ff02d6d842e4f0,0.675,0.3125,0.7142857142857143,0.43478260869565216,0.722943722943723,0.6904761904761905,0.7142857142857143,0.6666666666666666,0.7551020408163265,0.39473684210526316,0.9375,0.5555555555555556,0.8300304878048781,0.8285060975609756,0.9375,0.7195121951219512,"[[59, 23], [1, 15]]",none,0,0,0,0,0,0.0,0.0,0.0017022090032696724,0.004700791003415361,0.0,{},/Users/srikarreddy/Documents/hackathon/hackathon3/QSky-Mizzou-Quantum-Hackathon/models/quantum_ideal/rbf_svm_q6_n70_clean_aggregated_seed42.joblib,0.0,,[],0.0,,,,
rbf_svm,matched_sample_clean_model_robustness,classical_cpu,6,0,70,70,clean,20,test,b4738a0e925c1c03ecfd4f680ea9777e823c2b07f03e8a7425378b68bc46d466,2973665665e08fe9c86d7ac59912610933130a1432d9ff533a90a6d2aae893ec,122fca9c88c1665437c95b09c1dd5c91b36a1c407a12253311ff02d6d842e4f0,0.675,0.3125,0.7142857142857143,0.43478260869565216,0.722943722943723,0.6904761904761905,0.7142857142857143,0.6666666666666666,0.7755102040816326,0.40625,0.8125,0.5416666666666666,0.8109756097560976,0.7903963414634146,0.8125,0.7682926829268293,"[[63, 19], [3, 13]]",none,0,0,0,0,0,0.0,0.0,0.0017022090032696724,0.0042721659992821515,0.0,{},/Users/srikarreddy/Documents/hackathon/hackathon3/QSky-Mizzou-Quantum-Hackathon/models/quantum_ideal/rbf_svm_q6_n70_clean_aggregated_seed42.joblib,0.0,,[],0.0,,,,
rbf_svm,matched_sample_clean_model_robustness,classical_cpu,6,0,70,70,clean,10,test,b4738a0e925c1c03ecfd4f680ea9777e823c2b07f03e8a7425378b68bc46d466,2973665665e08fe9c86d7ac59912610933130a1432d9ff533a90a6d2aae893ec,122fca9c88c1665437c95b09c1dd5c91b36a1c407a12253311ff02d6d842e4f0,0.675,0.3125,0.7142857142857143,0.43478260869565216,0.722943722943723,0.6904761904761905,0.7142857142857143,0.6666666666666666,0.7551020408163265,0.34615384615384615,0.5625,0.42857142857142855,0.7903963414634146,0.6775914634146342,0.5625,0.7926829268292683,"[[65, 17], [7, 9]]",none,0,0,0,0,0,0.0,0.0,0.0017022090032696724,0.004159749980317429,0.0,{},/Users/srikarreddy/Documents/hackathon/hackathon3/QSky-Mizzou-Quantum-Hackathon/models/quantum_ideal/rbf_svm_q6_n70_clean_aggregated_seed42.joblib,0.0,,[],0.0,,,,
rbf_svm,matched_sample_clean_model_robustness,classical_cpu,6,0,70,70,clean,5,test,b4738a0e925c1c03ecfd4f680ea9777e823c2b07f03e8a7425378b68bc46d466,2973665665e08fe9c86d7ac59912610933130a1432d9ff533a90a6d2aae893ec,122fca9c88c1665437c95b09c1dd5c91b36a1c407a12253311ff02d6d842e4f0,0.675,0.3125,0.7142857142857143,0.43478260869565216,0.722943722943723,0.6904761904761905,0.7142857142857143,0.6666666666666666,0.7448979591836735,0.2631578947368421,0.3125,0.2857142857142857,0.7774390243902439,0.5708841463414633,0.3125,0.8292682926829268,"[[68, 14], [11, 5]]",none,0,0,0,0,0,0.0,0.0,0.0017022090032696724,0.004126749990973622,0.0,{},/Users/srikarreddy/Documents/hackathon/hackathon3/QSky-Mizzou-Quantum-Hackathon/models/quantum_ideal/rbf_svm_q6_n70_clean_aggregated_seed42.joblib,0.0,,[],0.0,,,,
rbf_svm,matched_sample_clean_model_robustness,classical_cpu,6,0,70,70,clean,0,test,b4738a0e925c1c03ecfd4f680ea9777e823c2b07f03e8a7425378b68bc46d466,2973665665e08fe9c86d7ac59912610933130a1432d9ff533a90a6d2aae893ec,122fca9c88c1665437c95b09c1dd5c91b36a1c407a12253311ff02d6d842e4f0,0.675,0.3125,0.7142857142857143,0.43478260869565216,0.722943722943723,0.6904761904761905,0.7142857142857143,0.6666666666666666,0.7551020408163265,0.2777777777777778,0.3125,0.29411764705882354,0.7721036585365855,0.5769817073170731,0.3125,0.8414634146341463,"[[69, 13], [11, 5]]",none,0,0,0,0,0,0.0,0.0,0.0017022090032696724,0.004175624984782189,0.0,{},/Users/srikarreddy/Documents/hackathon/hackathon3/QSky-Mizzou-Quantum-Hackathon/models/quantum_ideal/rbf_svm_q6_n70_clean_aggregated_seed42.joblib,0.0,,[],0.0,,,,
small_mlp,matched_sample_clean_model_robustness,classical_cpu,6,0,70,70,clean,clean,test,b4738a0e925c1c03ecfd4f680ea9777e823c2b07f03e8a7425378b68bc46d466,2973665665e08fe9c86d7ac59912610933130a1432d9ff533a90a6d2aae893ec,122fca9c88c1665437c95b09c1dd5c91b36a1c407a12253311ff02d6d842e4f0,0.625,0.30952380952380953,0.9285714285714286,0.4642857142857143,0.6991341991341992,0.7445887445887446,0.9285714285714286,0.5606060606060606,0.6836734693877551,0.32558139534883723,0.875,0.4745762711864407,0.8102134146341464,0.7606707317073171,0.875,0.6463414634146342,"[[53, 29], [2, 14]]",none,0,0,0,0,0,0.0,0.0,0.21750045800581574,0.003863624995574355,0.0,{},/Users/srikarreddy/Documents/hackathon/hackathon3/QSky-Mizzou-Quantum-Hackathon/models/quantum_ideal/small_mlp_q6_n70_clean_aggregated_seed42.joblib,0.0,,[],0.0,,,,
small_mlp,matched_sample_clean_model_robustness,classical_cpu,6,0,70,70,clean,20,test,b4738a0e925c1c03ecfd4f680ea9777e823c2b07f03e8a7425378b68bc46d466,2973665665e08fe9c86d7ac59912610933130a1432d9ff533a90a6d2aae893ec,122fca9c88c1665437c95b09c1dd5c91b36a1c407a12253311ff02d6d842e4f0,0.625,0.30952380952380953,0.9285714285714286,0.4642857142857143,0.6991341991341992,0.7445887445887446,0.9285714285714286,0.5606060606060606,0.6530612244897959,0.30434782608695654,0.875,0.45161290322580644,0.7926829268292683,0.7423780487804879,0.875,0.6097560975609756,"[[50, 32], [2, 14]]",none,0,0,0,0,0,0.0,0.0,0.21750045800581574,0.0037678749940823764,0.0,{},/Users/srikarreddy/Documents/hackathon/hackathon3/QSky-Mizzou-Quantum-Hackathon/models/quantum_ideal/small_mlp_q6_n70_clean_aggregated_seed42.joblib,0.0,,[],0.0,,,,
small_mlp,matched_sample_clean_model_robustness,classical_cpu,6,0,70,70,clean,10,test,b4738a0e925c1c03ecfd4f680ea9777e823c2b07f03e8a7425378b68bc46d466,2973665665e08fe9c86d7ac59912610933130a1432d9ff533a90a6d2aae893ec,122fca9c88c1665437c95b09c1dd5c91b36a1c407a12253311ff02d6d842e4f0,0.625,0.30952380952380953,0.9285714285714286,0.4642857142857143,0.6991341991341992,0.7445887445887446,0.9285714285714286,0.5606060606060606,0.6530612244897959,0.30434782608695654,0.875,0.45161290322580644,0.7873475609756098,0.7423780487804879,0.875,0.6097560975609756,"[[50, 32], [2, 14]]",none,0,0,0,0,0,0.0,0.0,0.21750045800581574,0.0037243750120978802,0.0,{},/Users/srikarreddy/Documents/hackathon/hackathon3/QSky-Mizzou-Quantum-Hackathon/models/quantum_ideal/small_mlp_q6_n70_clean_aggregated_seed42.joblib,0.0,,[],0.0,,,,
small_mlp,matched_sample_clean_model_robustness,classical_cpu,6,0,70,70,clean,5,test,b4738a0e925c1c03ecfd4f680ea9777e823c2b07f03e8a7425378b68bc46d466,2973665665e08fe9c86d7ac59912610933130a1432d9ff533a90a6d2aae893ec,122fca9c88c1665437c95b09c1dd5c91b36a1c407a12253311ff02d6d842e4f0,0.625,0.30952380952380953,0.9285714285714286,0.4642857142857143,0.6991341991341992,0.7445887445887446,0.9285714285714286,0.5606060606060606,0.673469387755102,0.3181818181818182,0.875,0.4666666666666667,0.7827743902439025,0.7545731707317074,0.875,0.6341463414634146,"[[52, 30], [2, 14]]",none,0,0,0,0,0,0.0,0.0,0.21750045800581574,0.003690082987304777,0.0,{},/Users/srikarreddy/Documents/hackathon/hackathon3/QSky-Mizzou-Quantum-Hackathon/models/quantum_ideal/small_mlp_q6_n70_clean_aggregated_seed42.joblib,0.0,,[],0.0,,,,
small_mlp,matched_sample_clean_model_robustness,classical_cpu,6,0,70,70,clean,0,test,b4738a0e925c1c03ecfd4f680ea9777e823c2b07f03e8a7425378b68bc46d466,2973665665e08fe9c86d7ac59912610933130a1432d9ff533a90a6d2aae893ec,122fca9c88c1665437c95b09c1dd5c91b36a1c407a12253311ff02d6d842e4f0,0.625,0.30952380952380953,0.9285714285714286,0.4642857142857143,0.6991341991341992,0.7445887445887446,0.9285714285714286,0.5606060606060606,0.6836734693877551,0.3333333333333333,0.9375,0.4918032786885246,0.7606707317073171,0.7858231707317074,0.9375,0.6341463414634146,"[[52, 30], [1, 15]]",none,0,0,0,0,0,0.0,0.0,0.21750045800581574,0.0036922919971402735,0.0,{},/Users/srikarreddy/Documents/hackathon/hackathon3/QSky-Mizzou-Quantum-Hackathon/models/quantum_ideal/small_mlp_q6_n70_clean_aggregated_seed42.joblib,0.0,,[],0.0,,,,
